Order,Family,Genus,Species,Authority,CommonName,AdultBodyMass,CranialCapacity,DietBreadth,Diet: invertebrates,Diet: vertebrates,Diet: fruits,Diet: flower/nectar/pollen/gums,Diet: seeds,Diet: other plant materials,Diet: scavenge; garbage; carrion; carcasses,TrophicLevel,HabitatBreadth,ActivityCycle,ForagingStratum,GestationLength,LitterSize,InterbirthInterval,HomeRange,PopulationDensity,SocialGrpSize,Longevity,Dry,Humid,Montane,Subarid,Subhumid,Alaotra.Mangoro,Amoron.i.Mania,Analamanga,Analanjirofo,Androy,Anosy,Atsimo.Andrefana,Atsimo.Atsinanana,Atsinanana,Betsiboka,Boeny,Bongolava,DIANA,Haute.Matsiatra,Ihorombe,Itasy,Melaky,Menabe,SAVA,Sofia,Vakinankaratra,Vatovavy.Fitovinany,Antananarivo,Antsiranana,Fianarantsoa,Mahajanga,Toamasina,Toliara,References
Primates,Cheirogaleidae,Allocebus,Allocebus trichotis,(Günther; 1875),Hairy-eared Dwarf Lemur,78,-999,3,yes,no,yes,yes,no,yes,no,2,1,2,3,60.83,1,365,10.4,18,1,107.8,0,1,1,0,1,1,0,0,1,0,0,0,0,1,0,0,0,0,0,0,0,0,0,1,1,0,0,0,1,0,1,1,0,347; 376; 207; 146; 191; 108; 133; 252; 7; 255
Primates,Indriidae,Avahi,Avahi betsileo,Andriantompohavana; Lei; Zaonarivelo; Engberg; Nalanirina; McGuire; Shore; Andrianasolo; Herrington; Brenneman & Louis Jr.; 2007,Betsileo Woolly Lemur,1082,-999,2,no,no,yes,no,no,yes,no,1,1,1,3,-999,-999,-999,-999,-999,-999,-999,0,1,0,0,1,0,1,0,0,0,0,0,0,1,0,0,0,0,0,0,0,0,0,0,0,1,1,1,0,1,0,1,0,347; 207; 116; 178; 252
Primates,Indriidae,Avahi,Avahi cleesei,Thalmann & Geissmann; 2005,Bemaraha Woolly Lemur; John Cleese's Avahi,946,-999,2,no,no,yes,no,no,yes,no,1,2,1,3,-999,-999,-999,0.02,-999,-999,-999,1,0,0,0,0,0,0,0,0,0,0,0,0,0,0,0,0,0,0,0,0,1,1,0,0,0,0,0,0,0,1,0,1,347; 207; 116; 313; 252; 133
Primates,Indriidae,Avahi,Avahi laniger,(Gmelin; 1788),Eastern Woolly Lemur; Woolly Indris; Gmelin's Woolly Lemur; Eastern Avahi,1180,10,2,no,no,yes,no,no,yes,no,1,2,1,3,110.05,1.01,365,0.01,84.85,2,-999,1,1,1,0,1,1,0,1,1,0,0,0,0,1,0,0,0,0,0,0,0,0,0,1,1,1,0,1,1,0,1,1,0,347; 54; 376; 146; 207; 191
Primates,Indriidae,Avahi,Avahi meridionalis,Zaramody; Fausser; Roos; Zinner; Andriaholinirina; Rabarivola; Norscia; Tattersall & Rumpler; 2006,Southern Woolly Lemur,1212.5,-999,2,no,no,yes,no,no,yes,no,1,1,1,3,-999,-999,-999,-999,114,-999,-999,0,1,0,1,1,0,0,0,0,0,1,0,0,0,0,0,0,0,0,0,0,0,0,0,0,0,0,0,0,0,0,0,1,258; 207; 116; 106; 252; 6
Primates,Indriidae,Avahi,Avahi mooreorum,Lei; Engberg; Andriantompohavana; McGuire; Mittermeier; Zaonarivelo; Brenneman & Louis; 2008,Moore's Woolly Lemur; Masoala Woolly Lemur,924,-999,1,no,no,no,no,no,yes,no,1,-999,1,3,-999,-999,-999,-999,-999,-999,-999,0,1,0,0,0,0,0,0,1,0,0,0,0,0,0,0,0,0,0,0,0,0,0,1,0,0,0,0,1,0,0,1,0,347; 328; 178; 252
Primates,Indriidae,Avahi,Avahi occidentalis,von Lorenz-Liburnau; 1898,Lorenz Von Liburnau's Woolly Lemur; Western Avahi; Western Woolly Lemur,897,7.95,1,no,no,no,no,no,yes,no,1,1,2,3,135,1.01,365,0.01,66.99,3,-999,1,0,0,0,0,0,0,0,0,0,0,0,0,0,0,1,0,0,0,0,0,0,0,0,1,0,0,0,0,0,1,0,0,347; 185; 376; 146; 207; 191; 397; 255
Primates,Indriidae,Avahi,Avahi peyrierasi,Zaramody; Fausser; Roos; Zinner; Andriaholinirina; Rabarivola; Norscia; Tattersall & Rumpler; 2006,Peyrieras' Woolly Lemur,1034,-999,2,no,no,yes,no,no,yes,no,1,2,1,3,-999,-999,-999,-999,29.81,-999,-999,0,1,1,0,1,0,1,0,0,0,0,0,1,0,0,0,0,0,1,1,0,0,0,0,0,0,1,0,0,1,0,0,0,347; 207; 116; 178; 252; 179
Primates,Indriidae,Avahi,Avahi ramanantsoavanai,Zaramody; Fausser; Roos; Zinner; Andriaholinirina; Rabarivola; Norscia; Tattersall & Rumpler; 2006,Ramantsoavana's Southern Woolly Lemur,983,-999,2,no,no,yes,no,no,yes,no,1,2,1,3,-999,-999,-999,-999,-999,-999,-999,0,1,0,0,1,0,0,0,0,0,1,0,1,0,0,0,0,0,0,1,0,0,0,0,0,0,0,0,0,1,0,0,1,347; 207; 116; 106; 252
Primates,Indriidae,Avahi,Avahi unicolor,Thalmann & Geissmann; 2000,Sambirano Woolly Lemur; Sambirano Avahi,853,-999,2,no,no,yes,no,no,yes,no,1,-999,1,3,-999,1,-999,-999,-999,-999,-999,1,0,0,0,1,0,0,0,0,0,0,0,0,0,0,0,0,0,0,0,0,0,0,0,1,0,0,0,0,0,1,0,0,347; 376; 207; 146; 149
Rodentia,Nesomyidae,Brachytarsomys,Brachytarsomys albicauda,Günther; 1875,White-tailed Tree Rat; White-tailed Rat; White-tailed Antsangy,200,-999,3,yes,yes,yes,no,no,no,no,2,1,1,1,-999,6,-999,-999,-999,-999,-999,0,1,1,0,1,1,1,1,1,0,0,0,1,1,1,0,0,0,1,1,0,0,0,1,1,1,1,1,1,1,1,1,0,332; 376; 207; 191; 149
Rodentia,Nesomyidae,Brachytarsomys,Brachytarsomys villosa,Petter; 1962,Hairy-tailed Tree Rat; Hairy-tailed Antsangy,220,-999,3,yes,yes,yes,no,no,no,no,2,1,1,3,-999,-999,365,-999,-999,-999,-999,0,1,0,0,1,0,0,0,0,0,0,0,0,0,0,0,0,0,0,0,0,0,0,1,1,0,0,0,1,0,1,0,0,332; 376; 207; 116; 149; 133
Rodentia,Nesomyidae,Brachyuromys,Brachyuromys betsileoensis,(Bartlett; 1880),Betsileo Short-tailed Rat; Lesser Short-tailed Rat,92.5,-999,5,yes,yes,yes,no,yes,yes,no,2,1,2,3,-999,2,365,-999,-999,-999,-999,0,1,1,0,1,1,1,1,1,0,0,0,1,1,1,0,0,0,1,1,1,0,0,0,0,1,1,1,0,1,1,1,0,332; 376; 207; 191; 252; 133
Rodentia,Nesomyidae,Brachyuromys,Brachyuromys ramirohitra,Major; 1896,Gregarious Short-tailed Rat; Greater Short-tailed Rat,90,-999,5,yes,yes,yes,no,yes,yes,no,2,1,2,3,-999,2,-999,-999,-999,-999,-999,0,1,1,0,1,1,1,1,1,0,0,0,1,1,1,0,0,0,1,1,0,0,0,1,1,1,1,1,1,1,1,1,0,332; 376; 207; 191; 149
Chiroptera,Molossidae,Chaerephon,Chaerephon jobimena,Goodman & Cardiff; 2004,Black And Red Free-tailed Bat,14.5,-999,4,yes,no,yes,no,yes,yes,no,2,1,-999,-999,-999,-999,-999,-999,-999,-999,-999,1,1,1,1,1,0,0,0,0,0,0,1,0,0,1,1,1,1,1,1,0,1,1,0,1,0,0,1,1,1,1,0,1,150; 376; 207; 85; 116
Chiroptera,Molossidae,Chaerephon,Chaerephon leucogaster,(A. Grandidier; 1870),"Little Free-tailed Bat; Lesser Free-tailed Bat; Little Wrinkle-lipped Bat; White-bellied Free-tailed Bat
",9.4,-999,1,yes,no,no,no,no,no,no,3,-999,1,-999,-999,-999,-999,-999,-999,-999,-999,1,1,1,1,1,1,0,1,1,0,0,1,0,1,1,1,0,1,0,1,1,1,1,1,1,1,0,1,1,1,1,1,1,150; 376; 85
Chiroptera,Molossidae,Chaerephon,Chaerephon atsinanana,(Cretzschmar; 1826),Little Free-tailed Bat; Little Wrinkle-lipped Bat; Lesser Free-tailed Bat; White-bellied Free-tailed Bat,11.3,-999,1,yes,no,no,no,no,no,no,3,1,1,4,63.79,1,-999,-999,-999,20,60,1,1,1,1,1,1,0,1,1,0,0,1,0,1,1,1,0,1,0,1,1,1,1,1,1,1,0,1,1,1,1,1,1,153; 376; 191; 249; 133; 4
Primates,Cheirogaleidae,Cheirogaleus,Cheirogaleus crossleyi,A. Grandidier; 1870,Furry-eared Dwarf Lemur; Crossley's Dwarf Lemur,294.29,-999,4,yes,no,yes,yes,no,yes,no,2,1,1,3,70.76,2.26,365,,-999,-999,180,1,1,1,0,1,1,1,0,0,0,1,0,0,1,0,0,0,1,1,0,0,0,0,1,0,1,1,1,1,1,0,1,1,166; 376; 207; 146; 301; 255; 116
Primates,Cheirogaleidae,Cheirogaleus,Cheirogaleus major,É. Geoffroy; 1812,Geoffroy's Dwarf Lemur; Greater Dwarf Lemur,468.06,5.9,4,yes,no,yes,yes,no,yes,no,2,1,1,3,69.78,2.23,365,0.02,67.99,1,170.4,1,1,1,1,1,1,1,1,1,0,1,0,1,1,0,0,0,1,1,1,0,0,0,0,0,1,1,1,1,1,0,1,1,166; 54; 376; 146; 207; 191; 76; 4
Primates,Cheirogaleidae,Cheirogaleus,Cheirogaleus medius,É. Geoffroy; 1812,Western Fat-tailed Dwarf Lemur; Fat-tailed Dwarf LemurLesser Dwarf Lemur ,216.25,2.9,4,yes,no,yes,yes,no,yes,no,2,1,1,3,61.71,2.13,365,0.02,221.44,1,289.8,1,1,0,1,1,0,0,0,0,1,1,1,0,0,1,1,0,1,0,1,0,1,1,1,1,0,0,0,1,1,1,0,1,166; 54; 376; 207; 191; 146; 185; 261; 4
Primates,Cheirogaleidae,Cheirogaleus,Cheirogaleus minusculus,Groves; 2000,Lesser Iron-grey Dwarf Lemur; Small Iron-gray Dwarf Lemur,-999,-999,4,yes,no,yes,yes,no,yes,no,2,1,1,3,62,3,365,0.018,-999,-999,-999,0,1,0,0,0,0,1,0,0,0,0,0,0,0,0,0,0,0,0,0,0,0,0,0,0,0,0,0,0,1,0,0,0,376; 207; 116; 133
Primates,Cheirogaleidae,Cheirogaleus,Cheirogaleus sibreei,(Forsyth Major; 1894),Sibree's Dwarf Lemur,423.5,4.4,4,yes,no,yes,yes,no,yes,no,2,2,1,3,70.76,2.26,365,,-999,-999,180,0,1,0,0,1,0,0,1,0,0,0,0,0,0,0,0,0,0,1,0,0,0,0,0,0,1,1,1,0,1,0,0,0,23; 185; 376; 207; 146; 116; 255
Chiroptera,Emballonuridae,Coleura,Coleura kibomalandy,(Peters; 1852),African Sheath-tailed Bat,10,-999,1,yes,no,no,no,no,no,no,3,1,1,4,111.25,1,-999,-999,-999,-999,-999,1,0,0,0,1,0,0,0,0,0,0,0,0,0,0,1,0,1,0,0,0,1,0,0,1,0,0,0,1,0,1,0,0,85; 376; 85; 207; 191; 252
Carnivora,Eupleridae,Cryptoprocta,Cryptoprocta ferox,Bennett; 1833,Fossa,9500,-999,2,yes,yes,no,no,no,no,no,3,3,2,2,47.77,2.99,365,0.75,0.88,1,258.6,1,1,1,1,1,1,1,1,1,1,1,1,1,1,1,1,1,1,1,1,0,1,1,1,1,1,1,1,1,1,1,1,1,332; 376; 207; 191; 225; 4; 133
Primates,Daubentoniidae,Daubentonia,Daubentonia madagascariensis,(Gmelin; 1788),Aye-aye,2528,45.2,3,yes,no,no,yes,yes,no,no,2,2,1,3,165.42,1.01,760.21,0.06,39.79,1,339.6,1,1,1,1,1,1,1,1,1,0,1,0,1,1,0,1,0,1,1,1,0,1,1,1,1,1,1,1,1,1,1,1,1,347; 54; 376; 207; 191; 146; 185; 24; 4
Afrosoricida,Tenrecidae,Echinops,Echinops telfairi,Martin; 1838,Lesser Hedgehog Tenrec,180,-999,3,yes,yes,yes,no,no,no,no,2,2,1,1,62.54,5.75,365,-999,-999,-999,192,1,1,0,1,1,0,0,0,0,1,1,1,0,0,0,0,0,0,0,0,0,0,1,0,0,0,0,0,0,0,0,0,1,332; 376; 207; 191; 4; 116
Chiroptera,Pteropodidae,Eidolon,Eidolon dupreanum,(Pollen in Schlegel & Pollen; 1866),Madagascan Fruit Bat,342,-999,3,no,no,yes,yes,no,yes,no,1,1,2,3,131.32,1.22,365,0.3,-999,200,240,1,1,1,1,1,1,1,1,0,1,1,1,1,1,1,1,1,1,1,1,1,1,1,0,1,1,1,1,1,1,1,1,1,85; 376; 207; 85; 191; 116; 255; 133; 4
Rodentia,Nesomyidae,Eliurus,Eliurus antsingy,Carleton; Goodman & Rakotondravony; 2001,Tsingy Tuft-tailed Rat,92.8,-999,4,yes,yes,yes,no,yes,no,no,2,1,1,1,-999,-999,-999,-999,-999,-999,-999,1,0,0,0,1,0,0,0,0,0,0,0,0,0,0,1,0,1,0,0,0,1,0,1,0,0,0,0,1,0,1,0,0,157; 376; 207; 116
Rodentia,Nesomyidae,Eliurus,Eliurus carletoni,Goodman; Raheriarisena & Jansa; 2009,Ankarana Special Reserve Tufted-tailed Rat,94.8,-999,-999,-999,-999,-999,-999,-999,-999,-999,-999,-999,-999,-999,-999,-999,-999,-999,-999,-999,-999,1,0,0,0,1,0,0,0,0,0,0,0,0,0,0,0,0,1,0,0,0,0,0,1,0,0,0,0,1,0,0,0,0,157
Rodentia,Nesomyidae,Eliurus,Eliurus danieli,Carleton & Goodman; 2007,Daniel's Tuft-tailed Rat,95.5,-999,2,yes,yes,no,no,no,no,no,3,1,-999,-999,-999,-999,-999,-999,-999,-999,-999,0,0,0,1,1,0,0,0,0,0,0,1,0,0,0,0,0,0,0,1,0,0,0,0,0,0,0,0,0,1,0,0,1,157; 207; 116
Rodentia,Nesomyidae,Eliurus,Eliurus ellermani,Carleton; 1994,Ellerman's Tuft-tailed Rat,100,-999,4,yes,yes,yes,no,yes,no,no,2,1,1,2,-999,-999,-999,-999,-999,-999,-999,0,1,0,0,0,0,0,0,1,0,0,0,0,1,0,0,0,0,0,0,0,0,0,0,0,0,0,0,0,0,0,1,0,332; 376; 207; 116; 149
Rodentia,Nesomyidae,Eliurus,Eliurus grandidieri,Carleton & Goodman; 1998,Grandidier's Tuft-tailed Rat,50.6,-999,4,yes,yes,yes,no,yes,no,no,2,2,1,2,-999,2.5,365,-999,-999,-999,-999,1,1,1,0,1,1,1,1,1,0,0,0,0,1,1,0,0,1,0,0,0,0,0,1,1,1,0,1,1,1,1,1,0,149; 376; 207; 133; 149; 252
Rodentia,Nesomyidae,Eliurus,Eliurus majori,Thomas; 1895,Major's Tufted-tailed Rat,79.5,-999,4,yes,yes,yes,no,yes,no,no,2,-999,1,2,-999,3,365,-999,-999,-999,-999,1,1,1,1,1,1,1,1,1,0,1,0,1,1,0,0,0,1,1,1,0,1,1,1,1,1,1,1,1,1,1,1,1,157; 376; 207; 149; 252; 133
Rodentia,Nesomyidae,Eliurus,Eliurus minor,Major; 1896,Lesser Tufted-tailed Rat,37.5,-999,4,yes,yes,yes,no,yes,no,no,2,1,1,2,-999,4,365,-999,-999,-999,-999,1,1,1,1,1,1,1,1,1,0,1,0,1,1,1,1,1,1,1,1,0,1,1,1,1,1,1,1,1,1,1,1,1,332; 376; 207; 191; 149; 133
Rodentia,Nesomyidae,Eliurus,Eliurus myoxinus,Milne-Edwards; 1855,Western Tuft-tailed Rat; Dormouse Tufted-tailed Rat,70,-999,4,yes,yes,yes,no,yes,no,no,2,2,1,2,23.99,2,-999,-999,-999,-999,-999,1,1,1,1,1,1,0,1,0,1,1,1,0,0,1,1,1,1,0,1,0,1,1,1,1,0,0,1,1,1,1,1,1,332; 376; 207; 191; 252
Rodentia,Nesomyidae,Eliurus,Eliurus penicillatus,Thomas; 1908,White-tipped Tuft-tailed Rat; White-tipped Tufted-tailed Rat,100,-999,4,yes,yes,yes,no,yes,no,no,2,-999,1,2,-999,-999,-999,-999,-999,-999,-999,0,1,0,0,1,0,1,0,0,0,0,0,0,1,0,0,0,0,0,0,0,0,0,0,0,1,1,1,0,1,0,1,0,332; 376; 207; 149
Rodentia,Nesomyidae,Eliurus,Eliurus petteri,Carleton; 1994,Petter's Tuft-tailed Rat,75,-999,4,yes,yes,yes,no,yes,no,no,2,-999,1,1,-999,-999,-999,-999,-999,-999,-999,0,1,0,0,0,1,0,0,1,0,0,0,0,1,0,0,0,0,0,0,0,0,0,0,0,0,0,0,0,0,0,1,0,332; 376; 207; 149
Rodentia,Nesomyidae,Eliurus,Eliurus tanala,Major; 1896,Tanala Tuft-tailed Rat; Tanala Tufted-tailed Rat,90,-999,4,yes,yes,yes,no,yes,no,no,2,1,1,2,-999,3,365,-999,-999,-999,-999,1,1,1,1,1,1,1,1,1,0,1,0,1,1,1,0,0,1,1,1,0,0,0,1,1,1,1,1,1,1,1,1,1,332; 376; 207; 116; 149; 252; 133
Rodentia,Nesomyidae,Eliurus,Eliurus webbi,Ellerman; 1949,Webb's Tuft-tailed Rat; Webb's Tufted-tailed Rat,75,-999,4,yes,yes,yes,no,yes,no,no,2,1,1,2,-999,2.5,-999,-999,-999,-999,-999,1,1,1,1,1,1,1,1,1,0,1,0,1,1,1,0,0,1,1,1,0,0,0,1,1,1,1,1,1,1,1,1,1,332; 376; 207; 133; 149; 252
Chiroptera,Emballonuridae,Emballonura,Paraemballonura atrata,(Peters; 1874),Peter's Sheath-tailed Bat; Peters's Sheath-tailed Bat,5.9,-999,2,yes,no,yes,no,no,no,no,2,1,2,4,-999,-999,-999,-999,-999,20,-999,0,1,1,1,1,1,1,1,1,0,1,0,1,1,0,0,0,0,1,1,0,0,0,1,1,1,1,1,1,1,1,1,1,154; 376; 191; 133
Chiroptera,Emballonuridae,Emballonura,Paraemballonura tiavato,Western Sheath-tailed Bat,Western Sheath-tailed Bat,3.3,-999,1,yes,no,no,no,no,no,no,3,1,-999,-999,-999,-999,-999,-999,-999,-999,-999,1,1,1,1,1,0,0,0,0,0,0,1,0,0,1,1,0,1,0,0,0,1,1,1,1,0,0,0,1,0,1,0,1,154; 207; 85; 133
Primates,Lemuridae,Eulemur,Eulemur albifrons,(E. Geoffroy; 1796),White-fronted Lemur; White-fronted Brown Lemur,1896,21.45,3,yes,no,yes,no,no,yes,no,2,2,2,3,120,0.45,450.69,0.073,15,8.5,468,0,1,1,0,1,0,0,0,1,0,0,0,0,1,0,0,0,0,0,0,0,0,0,1,1,0,0,0,1,0,1,1,0,347; 185; 376; 116; 313; 133; 252; 255
Primates,Lemuridae,Eulemur,Eulemur cinereiceps,(A. Grandidier & Milne-Edwards; 1890),White-collared Lemur; White-collared Brown Lemur; Grey-headed Lemur ,2250,22.1,3,no,no,yes,yes,no,yes,no,1,1,2,3,133,1,365,0.565,11.01,10.5,444,0,1,0,0,1,0,0,0,0,0,0,0,1,0,0,0,0,0,1,1,0,0,0,0,0,0,1,0,0,1,0,0,0,332; 185; 376; 146; 207; 1; 106; 13; 29; 255
Primates,Lemuridae,Eulemur,Eulemur collaris,(É. Geoffroy; 1812),Collared Brown Lemur; Red-collared Lemur,2180,-999,3,no,no,yes,yes,no,yes,no,1,2,2,3,120,5,541.88,0.746,14,4,444,0,1,0,1,1,0,0,0,0,0,1,0,1,0,0,0,0,0,0,1,0,0,0,0,0,0,0,0,0,1,0,0,1,105; 376; 327; 146; 207; 116; 313; 8; 133; 255; 35; 252; 107
Primates,Lemuridae,Eulemur,Eulemur coronatus,(Gray; 1842),Crowned Lemur,1294,21.39,2,no,no,yes,no,no,yes,no,1,2,2,3,124.52,1.39,365,0.05,101.98,6.95,272.4,1,1,0,0,1,0,0,0,0,0,0,0,0,0,0,0,0,1,0,0,0,0,0,1,0,0,0,0,1,0,0,0,0,347; 226; 376; 146; 207; 191; 334; 4; 133
Primates,Lemuridae,Eulemur,Eulemur flavifrons,(Gray; 1867),Blue-eyed Black Lemur; Sclater's Black Lemur; Sclater's Lemur,1836,-999,4,yes,no,yes,yes,no,yes,no,2,2,2,3,120,1,365,0.005,97.3,7.9,27,1,0,0,0,1,0,0,0,0,0,0,0,0,0,0,0,0,1,0,0,0,0,0,0,1,0,0,0,1,0,1,0,0,347; 252; 116; 313; 365; 367; 366
Primates,Lemuridae,Eulemur,Eulemur fulvus,(É. Geoffroy; 1796),Brown Lemur; Common Brown Lemur,1633,29.2,3,no,no,yes,yes,no,yes,no,1,1,2,3,121.98,1.1,547.75,0.05,221,9.15,435,1,1,1,0,1,1,0,1,1,0,0,0,0,1,1,1,0,1,0,0,0,0,0,0,1,1,0,1,1,0,1,1,0,347; 54; 376; 327; 146; 207; 191; 185; 21; 4
Primates,Lemuridae,Eulemur,Eulemur macaco,(Linnaeus; 1766),Black Lemur,1981,25.6,3,no,no,yes,yes,no,yes,no,1,1,2,3,125.36,1.22,365,0.03,53.85,9.2,405,1,0,1,0,1,0,0,0,0,0,0,0,0,0,0,0,0,1,0,0,0,0,0,0,1,0,0,0,1,0,1,0,0,347; 54; 376; 327; 146; 207; 191; 224; 4
Primates,Lemuridae,Eulemur,Eulemur mongoz,(Linnaeus; 1766),Mongoose Lemur,1273,21.8,3,no,no,yes,yes,no,yes,no,1,1,2,3,129.47,1.06,365,0.05,346.7,2.7,397.2,1,0,0,0,0,0,0,0,0,0,0,0,0,0,0,1,0,0,0,0,0,0,0,0,1,0,0,0,0,0,1,0,0,347; 54; 376; 146; 207; 191; 321; 4
Primates,Lemuridae,Eulemur,Eulemur rubriventer,(I. Geoffroy; 1850),Red-bellied Lemur,1978,27.2,3,no,no,yes,yes,no,yes,no,1,1,2,3,126.03,1.01,365,0.13,30,3.3,310.2,1,1,1,0,1,1,1,1,1,0,0,0,1,1,0,0,0,1,1,1,0,0,0,1,1,1,1,1,1,1,1,1,0,347; 54; 376; 327; 146; 315; 207; 191; 399; 4; 275
Primates,Lemuridae,Eulemur,Eulemur rufifrons,(Bennett; 1833),Red-fronted Brown Lemur; Bennett's Brown Lemur,2151,-999,3,no,no,yes,yes,no,yes,no,1,1,2,3,117,1.06,-999,1,17.03,-999,-999,1,1,0,1,1,0,1,0,0,0,0,1,1,1,0,0,0,0,1,1,0,0,1,0,0,1,1,1,0,1,0,1,1,347; 190; 207; 327; 116; 106; 307; 252; 179
Primates,Lemuridae,Eulemur,Eulemur rufus,(Audebert; 1799),Red Brown Lemur; Audebert's Brown Lemur; Red-fronted Brown Lemur,1589,25.4,2,no,no,yes,no,no,yes,no,1,2,2,3,120,2,365,0.073,-999,9.5,444,1,0,0,0,1,0,0,0,0,0,0,0,0,0,1,1,0,0,0,0,0,1,1,0,1,0,0,0,0,0,1,0,1,347; 185; 376; 207; 116; 191; 149; 252; 296; 133; 255
Primates,Lemuridae,Eulemur,Eulemur sanfordi,(Archbold; 1932),Sanford's Brown Lemur,1897,-999,3,no,no,yes,yes,no,yes,no,1,1,2,3,120,1.46,541.88,-999,4.45,7.7,444,1,1,0,0,1,0,0,0,0,0,0,0,0,0,0,0,0,1,0,0,0,0,0,1,0,0,0,0,1,0,0,0,0,347; 376; 63; 146; 207; 116; 191; 252; 307; 255
Carnivora,Eupleridae,Eupleres,Eupleres goudotii,Doyère; 1835,Eastern Falanouc; Fanalouc,3000,-999,2,yes,yes,no,no,no,no,no,3,1,2,1,93.86,1,365,-999,-999,1,240,1,1,1,1,1,1,1,1,1,1,1,0,1,1,1,0,0,1,1,1,0,0,0,1,1,1,1,1,1,1,1,1,1,332; 376; 207; 191; 133; 275
Carnivora,Eupleridae,Eupleres,Eupleres major,Lavauden; 1929,Western Falanouc,2400,-999,-999,-999,-999,-999,-999,-999,-999,-999,-999,1,2,-999,-999,-999,-999,-999,-999,-999,-999,1,0,1,0,1,0,0,0,0,0,0,0,0,0,0,1,0,1,0,0,0,1,0,0,1,0,0,0,1,0,1,0,0,250; 116; 175
Carnivora,Eupleridae,Fossa,Fossa fossana,(P.L.S. Müller; 1776),Spotted Fanaloka; Fanaloka; Malagasy Civet,1500,-999,3,yes,yes,yes,no,no,no,no,2,2,1,2,85.19,1,365,0.75,3.41,2,194.4,1,1,1,1,1,1,1,1,1,0,1,0,1,1,1,0,0,1,1,1,0,0,0,1,1,1,1,1,1,1,1,1,1,332; 376; 191; 184; 4; 133
Carnivora,Eupleridae,Galidia,Galidia elegans,I. Geoffroy Saint-Hilaire; 1837,Ring-tailed Vontsira; Ring-tailed Mongoose; Malagasy Ring-tailed Mongoose,800,-999,3,yes,yes,yes,no,no,no,no,2,4,2,2,78.81,1,365,0.17,15.85,1.75,235.2,1,1,1,1,1,1,1,1,1,0,1,0,1,1,1,1,0,1,1,1,0,1,1,1,1,1,1,1,1,1,1,1,1,332; 376; 207; 191; 259; 4
Carnivora,Eupleridae,Galidictis,Galidictis fasciata,(Gmelin; 1788),Broad-striped Vontsira; Broad-striped Mongoose; Malagasy Broad-striped Mongoose,550,-999,2,yes,yes,no,no,no,no,no,3,1,2,1,97.5,1,365,-999,-999,-999,168,1,1,1,1,1,1,1,1,1,0,1,0,1,1,0,0,0,1,1,1,0,0,0,1,1,1,1,1,1,1,1,1,1,332; 376; 207; 191; 34; 275
Carnivora,Eupleridae,Galidictis,Galidictis grandidieri,Wozencraft; 1986,Grandidier's Vontsira; Grandidier's Mongoose; Giant-striped Mongoose,1400,-999,2,yes,yes,no,no,no,no,no,3,1,2,1,82,1,365,0.011,-999,1.5,136.8,0,0,0,1,0,0,0,0,0,0,0,1,0,0,0,0,0,0,0,0,0,0,0,0,0,0,0,0,0,0,0,0,1,332; 376; 207; 191; 28; 133; 275
Afrosoricida,Tenrecidae,Geogale,Geogale aurita,Milne-Edwards & A. Grandidier; 1872,Large-eared Tenrec,7,-999,2,yes,yes,no,no,no,no,no,3,1,1,1,59.57,3.65,182.5,-999,-999,1.5,25,1,0,0,1,0,0,0,0,0,1,1,1,0,0,0,1,0,0,0,0,0,0,1,0,1,0,0,0,0,0,1,0,1,332; 376; 207; 191; 257; 4; 116; 255
Rodentia,Nesomyidae,Gymnuromys,Gymnuromys roberti,Major; 1896,Voalavoanala,97.5,-999,5,yes,yes,yes,no,yes,yes,no,2,1,1,1,-999,1.94,365,-999,-999,-999,-999,0,1,1,1,1,1,1,1,1,0,1,0,1,1,1,0,0,1,1,1,0,0,0,1,1,1,1,1,1,1,1,1,1,332; 376; 207; 133; 149; 191; 26
Primates,Lemuridae,Hapalemur,Hapalemur alaotrensis,Rumpler; 1975,Alaotra Reed Lemur; Lac Alaotra Bamboo Lemur; Alaotran Gentle Lemur; Lake Alaotra Gentle Lemur,1247,13.8,1,no,no,no,no,no,yes,no,1,2,2,3,141.24,1.5,332.56,0.045,-999,12,279.6,0,0,0,0,1,1,0,0,0,0,0,0,0,0,0,0,0,0,0,0,0,0,0,0,0,0,0,0,0,0,0,1,0,347; 185; 376; 207; 116; 313; 255; 252
Primates,Lemuridae,Hapalemur,Hapalemur aureus,Meier; Albignac; Peyriéras; Rumpler & Wright; 1987,Golden Bamboo Lemur; Golden Lemur,1580,-999,1,no,no,no,no,no,yes,no,1,2,2,3,140.25,1.01,365,0.21,-999,3,136.7,0,1,1,0,1,0,0,0,0,0,0,0,1,0,0,0,0,0,1,1,0,0,0,0,0,0,1,0,0,1,0,0,0,347; 376; 146; 207; 191; 209; 4; 255
Primates,Lemuridae,Hapalemur,Hapalemur griseus,(Link; 1795),Eastern Lesser Bamboo Lemur; Lesser Bamboo Lemur; Grey Gentle Lemur; Bamboo Lemur,813,14.7,1,no,no,no,no,no,yes,no,1,3,2,3,139.98,1.3,334.79,0.01,62,3.1,242.4,1,1,1,0,1,1,1,1,0,0,0,0,1,1,1,1,0,0,1,1,0,1,1,0,0,1,1,1,0,1,1,1,1,347; 54; 376; 146; 207; 191; 180; 4
Primates,Lemuridae,Hapalemur,Hapalemur meridionalis,Warter; Randrianasolo; Dutrillaux & Rumpler; 1987,Rusty-gray Lesser Bamboo Lemur; Southern Grey Bamboo Lemur; Southern Lesser Bamboo Lemur,855,-999,1,no,no,no,no,no,yes,no,1,2,2,3,135,-999,365,13.27,-999,7,-999,0,1,0,1,1,0,0,0,0,0,1,0,1,0,0,0,0,0,0,1,0,0,0,0,0,0,0,0,0,1,0,0,1,347; 207; 118; 116; 313; 252; 382; 117; 133
Primates,Lemuridae,Hapalemur,Hapalemur occidentalis,Rumpler; 1975,Sambirano Lesser Bamboo Lemur; Western Grey Bamboo Lemur; Western Gentle Lemur; Western Lesser Bamboo Lemur,847,14.2,1,no,no,no,no,no,yes,no,1,2,3,3,138.5,1,332.56,-999,-999,5,279.6,1,1,1,0,1,1,0,0,1,0,0,0,0,1,0,0,0,1,0,0,0,0,0,1,1,0,0,0,1,0,1,1,0,347; 185; 376; 207; 116; 252; 255
Afrosoricida,Tenrecidae,Hemicentetes,Hemicentetes nigriceps,Günther; 1875,Highland Streaked Tenrec,113,-999,1,yes,no,no,no,no,no,no,3,2,2,1,57.16,2.84,182.5,-999,-999,-999,31.2,0,1,1,0,1,1,1,1,0,0,0,0,1,1,0,0,0,0,1,1,0,0,0,0,0,1,1,1,0,1,0,1,0,332; 376; 207; 133; 191; 248; 116; 191
Afrosoricida,Tenrecidae,Hemicentetes,Hemicentetes semispinosus,(G. Cuvier; 1798),Lowland Streaked Tenrec,134,-999,1,yes,no,no,no,no,no,no,3,2,2,1,54.79,4.66,182.5,-999,-999,20,32.4,0,1,1,0,1,1,1,1,1,0,0,0,1,1,1,0,0,0,1,1,0,0,0,1,1,1,1,1,1,1,1,1,0,332; 376; 207; 191; 208; 4; 116; 133
Chiroptera,Hipposideridae,Hipposideros,Hipposideros commersoni,(É. Geoffroy; 1813),Commerson's Leaf-nosed Bat; Commerson's Roundleaf Bat,59,-999,3,yes,yes,yes,no,no,no,no,2,1,1,4,136,0.99,365,-999,-999,-999,144,1,1,1,1,1,1,1,1,1,1,1,1,1,1,1,1,1,1,1,1,1,1,1,1,1,1,1,1,1,1,1,1,1,85; 376; 207; 85; 191; 317; 255
Rodentia,Nesomyidae,Hypogeomys,Hypogeomys antimena,A. Grandidier; 1869,Malagasy Giant Jumping Rat; Malagasy Giant Rat,1250,-999,3,yes,yes,yes,no,no,no,no,2,2,1,1,120,1.13,365,0.02,63.33,2,151.2,1,0,0,1,0,0,0,0,0,0,0,0,0,0,0,0,0,0,0,0,0,0,1,0,0,0,0,0,0,0,0,0,1,332; 376; 207; 191; 4; 53; 275
Primates,Indriidae,Indri,Indri indri,(Gmelin; 1788),Indri,6593,34.5,4,no,no,yes,yes,yes,yes,no,1,1,3,3,192.35,1.01,912.5,0.12,10.62,3.1,-999,0,1,0,0,1,1,0,1,1,0,0,0,0,1,0,0,0,0,0,0,0,0,0,1,1,1,0,1,1,0,1,1,0,347; 54; 376; 300; 146; 207; 191
Primates,Lemuridae,Lemur,Lemur catta,Linnaeus; 1758,Ring-tailed Lemur,2216,25.6,3,yes,no,yes,no,no,yes,no,2,2,2,2,135.91,1.14,416.71,0.05,215,16.45,403.8,1,1,1,1,1,0,0,0,0,1,1,1,1,0,0,0,0,0,1,1,0,0,1,0,0,0,0,0,0,1,0,0,1,347; 54; 376; 207; 146; 191; 185; 18; 4
Primates,Lepilemuridae,Lepilemur,Lepilemur aeeclis,Andriaholinirina; Fausser; Roos; Rabarivola; Ravoarimanana; Zinner; Thalmann; Ganzhorn; Meier; Hilgartner; Walter; Zaramody; Langer; Hahn; Zimmermann; Radespiel; Craul; Tomiuk; Tattersall & Rumpler; 2006,Antafia Sportive Lemur,827.6,-999,1,no,no,no,no,no,yes,no,1,2,1,3,-999,-999,-999,-999,-999,-999,-999,1,0,0,0,0,0,0,0,0,0,0,0,0,0,0,1,0,0,0,0,0,0,0,0,0,0,0,0,0,0,1,0,0,82; 222; 207; 116; 106; 252
Primates,Lepilemuridae,Lepilemur,Lepilemur ahmansonorum,Louis Jr.; Engberg; Lei; Geng; Sommer; Randriamampionona; Randriamanana; Zaonarivelo; Andriantompohavana; Randria; Prosper. Ramaromilanto; Rakotoarisoa; Rooney & Brenneman; 2006,Ahmanson's Sportive Lemur,580,-999,1,no,no,no,no,no,yes,no,1,2,1,3,-999,-999,-999,-999,-999,-999,-999,1,0,0,0,0,0,0,0,0,0,0,0,0,0,0,1,0,0,0,0,0,0,0,0,0,0,0,0,0,0,1,0,0,347; 222; 207; 116; 178; 252
Primates,Lepilemuridae,Lepilemur,Lepilemur ankaranensis,Rumpler & Albignac; 1975,Ankarana Sportive Lemur,748.16,-999,1,no,no,no,no,no,yes,no,1,2,1,3,133.45,1,-999,0.01,350,1,144,1,0,0,0,1,0,0,0,0,0,0,0,0,0,0,0,0,1,0,0,0,0,0,1,0,0,0,0,1,0,0,0,0,82; 222; 376; 207; 133; 106; 255; 252
Primates,Lepilemuridae,Lepilemur,Lepilemur betsileo,Louis Jr.; Engberg; Lei; Geng; Sommer; Randriamampionona; Randriamanana; Zaonarivelo; Andriantompohavana; Randria; Prosper. Ramaromilanto; Rakotoarisoa; Rooney & Brenneman; 2006,Betsileo Sportive Lemur,1127.5,-999,1,no,no,no,no,no,yes,no,1,1,1,3,-999,-999,-999,-999,-999,-999,-999,0,1,0,0,1,1,1,0,0,0,0,0,0,1,0,0,0,0,0,0,0,0,0,0,0,1,1,1,0,1,0,1,0,347; 222; 207; 252; 178
Primates,Lepilemuridae,Lepilemur,Lepilemur dorsalis,Gray; 1870,Gray's Sportive Lemur; Nossi-bé Sportive Lemur; Grey-backed Sportive Lemur,721.54,6.7,1,no,no,no,no,no,yes,no,1,1,1,3,133.38,1.01,-999,-999,-999,1,144,1,0,1,0,1,0,0,0,0,0,0,0,0,0,0,0,0,1,0,0,0,0,0,0,1,0,0,0,1,0,1,0,0,82; 222; 185; 376; 146; 207; 191; 255
Primates,Lepilemuridae,Lepilemur,Lepilemur edwardsi,(Forbes; 1894),Milne-Edwards's Sportive Lemur,1017.37,7.25,1,no,no,no,no,no,yes,no,1,1,1,3,136.88,1,365,0.008,70.98,1,144,1,0,0,0,0,0,0,0,0,0,0,0,0,0,0,1,0,0,0,0,0,0,0,0,1,0,0,0,0,0,1,0,0,82; 222; 185; 376; 146; 207; 191; 273; 149; 255
Primates,Lepilemuridae,Lepilemur,Lepilemur fleuretae,Louis Jr.; Engberg; Lei; Geng; Sommer; Randriamampionona; Randriamanana; Zaonarivelo; Andriantompohavana; Randria; Prosper. Ramaromilanto; Rakotoarisoa; Rooney & Brenneman; 2006,Fleurete's Sportive Lemur,890,-999,1,no,no,no,no,no,yes,no,1,2,1,3,-999,-999,-999,-999,-999,-999,-999,0,1,0,0,1,0,0,0,0,0,1,0,0,0,0,0,0,0,0,0,0,0,0,0,0,0,0,0,0,0,0,0,1,347; 222; 207; 116; 178; 252
Primates,Lepilemuridae,Lepilemur,Lepilemur grewcockorum,Louis Jr.; Engberg; Lei; Geng; Sommer; Randriamampionona; Randriamanana; Zaonarivelo; Andriantompohavana; Randria; Prosper; Ramaromilanto; Rakotoarisoa; Rooney; & Brenneman; 2006,Grewcock's Sportive Lemur,859.75,-999,1,no,no,no,no,no,yes,no,1,2,1,3,-999,-999,-999,-999,-999,-999,-999,1,0,0,0,0,0,0,0,0,0,0,0,0,0,0,0,0,0,0,0,0,0,0,0,1,0,0,0,0,0,1,0,0,82; 222; 207; 116; 178; 252
Primates,Lepilemuridae,Lepilemur,Lepilemur hollandorum,Ramaromilanto; Lei; Engberg; Johnson; Sitzmann & Louis2009,Holland's Sportive Lemur; Mananara-Nord Sportive Lemur,1000,-999,-999,-999,-999,-999,-999,-999,-999,-999,-999,-999,1,3,-999,-999,-999,-999,-999,-999,-999,0,1,0,0,0,0,0,0,1,0,0,0,0,0,0,0,0,0,0,0,0,0,0,0,0,0,0,0,0,0,0,1,0,222; 178; 252
Primates,Lepilemuridae,Lepilemur,Lepilemur hubbardorum,Louis Jr.; Engberg; Lei; Geng; Sommer; Randriamampionona; Randriamanana; Zaonarivelo; Andriantompohavana; Randria; Prosper. Ramaromilanto; Rakotoarisoa; Rooney & Brenneman; 2006,Hubbard's Sportive Lemur,992,-999,1,no,no,no,no,no,yes,no,1,2,1,3,-999,-999,-999,-999,-999,-999,-999,0,0,0,1,0,0,0,0,0,0,0,1,0,0,0,0,0,0,0,0,0,0,0,0,0,0,0,0,0,0,0,0,1,347; 222; 207; 116; 106; 252
Primates,Lepilemuridae,Lepilemur,Lepilemur jamesorum,Louis Jr.; Engberg; Lei; Geng; Sommer; Randriamampionona; Randriamanana; Zaonarivelo; Andriantompohavana; Randria; Prosper. Ramaromilanto; Rakotoarisoa; Rooney & Brenneman; 2006,James' Sportive Lemur,872,-999,1,no,no,no,no,no,yes,no,1,2,1,3,-999,-999,-999,-999,-999,-999,-999,0,1,0,0,0,0,0,0,0,0,0,0,1,0,0,0,0,0,0,0,0,0,0,0,0,0,0,0,0,1,0,0,0,347; 222; 207; 116; 178; 252
Primates,Lepilemuridae,Lepilemur,Lepilemur leucopus,(Major; 1894),White-footed Sportive Lemur; Dry-bush Weasel Lemur,561.5,6.87,1,no,no,no,no,no,yes,no,1,1,1,3,136.4,1.01,365,0.002,504.99,1,103,0,0,0,1,1,0,0,0,0,0,1,0,0,0,0,0,0,0,0,0,0,0,0,0,0,0,0,0,0,0,0,0,1,347; 222; 185; 376; 146; 207; 191; 316; 191
Primates,Lepilemuridae,Lepilemur,Lepilemur microdon,(Forsyth Major; 1894),Small-toothed Sportive Lemur; Light-necked Sportive Lemur; Microdon Sportive Lemur,1104.5,9.75,3,no,no,no,no,no,yes,no,1,1,1,3,133.38,1,-999,-999,36.05,1,144,0,1,0,0,1,0,0,0,0,0,0,0,0,0,0,0,0,0,1,0,0,0,0,0,0,0,1,0,0,1,0,0,0,347; 222; 185; 376; 146; 207; 191; 255
Primates,Lepilemuridae,Lepilemur,Lepilemur milanoii,Louis Jr.; Engberg; Lei; Geng; Sommer; Randriamampionona; Randriamanana; Zaonarivelo; Andriantompohavana; Randria; Prosper. Ramaromilanto; Rakotoarisoa; Rooney & Brenneman; 2006,Daraina Sportive Lemur,715.5,-999,1,no,no,no,no,no,yes,no,1,2,1,3,-999,-999,-999,-999,-999,-999,-999,1,0,0,0,1,0,0,0,0,0,0,0,0,0,0,0,0,1,0,0,0,0,0,1,0,0,0,0,1,0,0,0,0,347; 222; 207; 116; 178; 252
Primates,Lepilemuridae,Lepilemur,Lepilemur mittermeieri,Rabarivola; Zaramody; Fausser; Andriaholinirina; Roos; Zinner; Marcel & Rumpler; 2006,Mittermeier's Sportive Lemur,988.64,-999,1,no,no,no,no,no,yes,no,1,2,1,3,-999,-999,-999,-999,-999,-999,-999,1,0,0,0,1,0,0,0,0,0,0,0,0,0,0,0,0,1,0,0,0,0,0,0,0,0,0,0,1,0,0,0,0,222; 207; 116; 106; 252
Primates,Lepilemuridae,Lepilemur,Lepilemur mustelinus,I. Geoffroy; 1851,Weasel Sportive Lemur; Greater Sportive Lemur; Greater Weasel Lemur,964.57,8.1,1,no,no,no,no,no,yes,no,1,1,1,3,135.54,1,365,0.003,255.1,1,144,0,1,0,0,1,1,0,1,1,0,0,0,0,1,1,0,0,0,0,0,0,0,0,0,0,1,0,1,0,0,1,1,0,82; 54; 376; 146; 207; 191; 185; 329; 4; 191
Primates,Lepilemuridae,Lepilemur,Lepilemur otto,Craul; Zimmermann; Rasoloharijaona; Randrianambinina & Radespiel; 2007,Otto's Sportive Lemur,938.5,-999,1,no,no,no,no,no,yes,no,1,2,1,3,-999,-999,-999,-999,-999,-999,-999,1,0,0,0,0,0,0,0,0,0,0,0,0,0,0,1,0,0,0,0,0,0,0,0,1,0,0,0,0,0,1,0,0,82; 207; 116; 106; 252
Primates,Lepilemuridae,Lepilemur,Lepilemur petteri,Louis Jr.; Engberg; Lei; Geng; Sommer; Randriamampionona; Randriamanana; Zaonarivelo; Andriantompohavana; Randria; Prosper. Ramaromilanto; Rakotoarisoa; Rooney & Brenneman; 2006,Petter's Sportive Lemur,629,-999,1,no,no,no,no,no,yes,no,1,1,1,3,130,1,-999,0.003,-999,1,-999,0,0,0,1,0,0,0,0,0,1,1,1,0,0,0,0,0,0,0,0,0,0,0,0,0,0,0,0,0,0,0,0,1,347; 222; 207; 252; 178; 133
Primates,Lepilemuridae,Lepilemur,Lepilemur randrianasoloi,Andriaholinirina; Fausser; Roos; Rabarivola; Ravoarimanana; Zinner; Thalmann; Ganzhorn; Meier; Hilgartner; Walter; Zaramody; Langer; Hahn; Zimmermann; Radespiel; Craul; Tomiuk; Tattersall & Rumpler; 2006,Randrianasolo's Sportive Lemur,920,-999,1,no,no,no,no,no,yes,no,1,1,1,3,-999,-999,-999,-999,-999,-999,-999,1,0,0,0,0,0,0,0,0,0,0,0,0,0,0,0,0,0,0,0,0,1,0,0,0,0,0,0,0,0,1,0,0,222; 207; 116; 178; 252
Primates,Lepilemuridae,Lepilemur,Lepilemur ruficaudatus,A. Grandidier; 1867,Red-tailed Sportive Lemur; Lesser Weasel Lemur,810,7.4,1,no,no,no,no,no,yes,no,1,1,1,3,137.31,1.01,365,0.01,260,1,144,1,0,0,1,0,0,0,0,0,0,0,1,0,0,0,0,0,0,0,0,0,0,1,0,0,0,0,0,0,0,0,0,1,347; 222; 54; 376; 146; 207; 191; 4; 133; 255
Primates,Lepilemuridae,Lepilemur,Lepilemur sahamalazensis,Andriaholinirina; Fausser; Roos; Rabarivola; Ravoarimanana; Zinner; Thalmann; Ganzhorn; Meier; Hilgartner; Walter; Zaramody; Langer; Hahn; Zimmermann.; Radespiel; Craul; Tomiuk; Tattersall & Rumpler; 2006,Sahamalaza Peninsula Sportive Lemur; Sahamalaza Sportive Lemur,686.79,-999,1,no,no,no,no,no,yes,no,1,1,1,3,-999,-999,-999,-999,-999,-999,-999,1,0,0,0,0,0,0,0,0,0,0,0,0,0,0,0,0,0,0,0,0,0,0,0,1,0,0,0,0,0,1,0,0,82; 222; 207; 252; 106
Primates,Lepilemuridae,Lepilemur,Lepilemur scottorum,Lei; Engberg; Andriantompohavana; McGuire; Mittermeier; Zaonarivelo; Brenneman & Louis; 2008,Scott's Sportive Lemur; Masoala Sportive Lemur,876,-999,-999,-999,-999,-999,-999,-999,-999,-999,-999,-999,1,3,-999,-999,-999,-999,-999,-999,-999,0,1,0,0,0,0,0,0,1,0,0,0,0,0,0,0,0,0,0,0,0,0,0,1,0,0,0,0,1,0,0,1,0,222; 178; 252
Primates,Lepilemuridae,Lepilemur,Lepilemur seali,Louis Jr.; Engberg; Lei; Geng; Sommer; Randriamampionona; Randriamanana; Zaonarivelo; Andriantompohavana; Randria; Prosper. Ramaromilanto; Rakotoarisoa; Rooney & Brenneman; 2006,Seal's Sportive Lemur,952,-999,1,no,no,no,no,no,yes,no,1,-999,1,3,-999,-999,-999,-999,-999,-999,-999,0,1,1,0,1,0,0,0,1,0,0,0,0,0,0,0,0,0,0,0,0,0,0,1,1,0,0,0,1,0,1,1,0,347; 222; 207; 146; 178; 252
Primates,Lepilemuridae,Lepilemur,Lepilemur septentrionalis,Rumpler & Albignac; 1975,Sahafary Sportive Lemur; Northern Sportive Lemur,580,-999,1,no,no,no,no,no,yes,no,1,1,1,3,135,1,365,0.007,154.26,1,144,1,0,0,0,0,0,0,0,0,0,0,0,0,0,0,0,0,1,0,0,0,0,0,0,0,0,0,0,1,0,0,0,0,347; 222; 376; 207; 191; 20; 255
Primates,Lepilemuridae,Lepilemur,Lepilemur tymerlachsonorum,Louis Jr.; Engberg; Lei; Geng; Sommer; Randriamampionona; Randriamanana; Zaonarivelo; Andriantompohavana; Randria; Prosper. Ramaromilanto; Rakotoarisoa; Rooney & Brenneman; 2006,Nosy Be Sportive Lemur; Hawks' Sportive Lemur,877.5,-999,1,no,no,no,no,no,yes,no,1,-999,1,3,-999,-999,-999,-999,-999,-999,-999,0,0,0,0,1,0,0,0,0,0,0,0,0,0,0,0,0,1,0,0,0,0,0,0,0,0,0,0,1,0,0,0,0,222; 207; 178; 252
Primates,Lepilemuridae,Lepilemur,Lepilemur wrightae,Louis Jr.; Engberg; Lei; Geng; Sommer; Randriamampionona; Randriamanana; Zaonarivelo; Andriantompohavana; Randria; Prosper; Ramaromilanto; Rakotoarisoa; Rooney & Brenneman; 2006,Wright's Sportive Lemur,1050,-999,1,no,no,no,no,no,yes,no,1,-999,1,3,-999,-999,-999,-999,-999,-999,-999,0,0,0,0,1,0,0,0,0,0,1,0,1,0,0,0,0,0,0,1,0,0,0,0,0,0,0,0,0,1,0,0,1,347; 222; 207; 178; 252
Afrosoricida,Tenrecidae,Limnogale,Microgale mergulus,Major; 1896,Aquatic Tenrec,78.6,-999,2,yes,yes,no,no,no,no,no,3,2,1,1,-999,2.73,-999,-999,-999,-999,-999,0,1,1,0,1,1,1,1,0,0,0,0,1,1,0,0,0,0,1,1,1,0,0,0,0,1,1,1,0,1,0,1,0,332; 376; 207; 191
Rodentia,Nesomyidae,Macrotarsomys,Macrotarsomys bastardi,Milne-Edwards & G. Grandidier; 1898,Western Big-footed Mouse; Bastard Big-footed Mouse,28.45,-999,5,yes,yes,yes,no,yes,yes,no,2,2,1,1,24,2.5,-999,-999,-999,2,-999,1,1,0,1,1,0,0,0,0,1,1,1,0,0,1,1,0,0,1,1,0,1,1,0,1,0,0,0,0,1,1,0,1,52; 376; 207; 191; 299; 133
Rodentia,Nesomyidae,Macrotarsomys,Macrotarsomys ingens,Petter; 1959,Long-tailed Big-footed Mouse; Greater Big-footed Mouse,56.5,-999,5,yes,yes,yes,no,yes,yes,no,2,3,1,1,-999,-999,-999,-999,-999,1,-999,1,0,0,0,0,0,0,0,0,0,0,0,0,0,0,1,0,0,0,0,0,0,0,0,1,0,0,0,0,0,1,0,0,152; 376; 207; 191; 133
Rodentia,Nesomyidae,Macrotarsomys,Macrotarsomys petteri,Goodman & Soarimalala; 2005,Petter's Big-footed Mouse,105,-999,2,yes,yes,no,no,no,no,no,3,1,-999,1,-999,-999,-999,-999,-999,-999,-999,0,0,0,1,0,0,0,0,0,0,0,1,0,0,0,0,0,0,0,0,0,0,0,0,0,0,0,0,0,0,0,0,1,152; 207; 116; 133
Primates,Cheirogaleidae,Microcebus,Microcebus arnholdi,Louis; Engberg; McGuire; McCormick; Randriamampionona; Ranaivoarisoa; Bailey; Mittermeier & Lei; 2008,Arnhold's Mouse Lemur; Montagne d'Ambre Mouse Lemur,49.7,-999,-999,-999,-999,-999,-999,-999,-999,-999,-999,1,1,3,-999,-999,-999,-999,-999,-999,-999,1,1,0,0,1,0,0,0,0,0,0,0,0,0,0,0,0,1,0,0,0,0,0,0,0,0,0,0,1,0,0,0,0,223; 252; 106
Primates,Cheirogaleidae,Microcebus,Microcebus berthae,Rasoloarison; Goodman & Ganzhorn; 2000,Madame Berthe's Mouse Lemur; Berthe's Mouse Lemur; Berthe's Mouse Lemur,27.57,-999,5,yes,yes,yes,yes,no,yes,no,2,1,1,3,60.83,2,365,0.037,65,1,-999,1,0,0,1,0,0,0,0,0,0,0,0,0,0,0,0,0,0,0,0,0,0,1,0,0,0,0,0,0,0,0,0,1,309; 223; 347; 376; 86; 146; 207; 116; 211; 149; 252
Primates,Cheirogaleidae,Microcebus,Microcebus bongolavensis,Olivieri; Zimmermann; Randrianambinina; Rasoloharijaona; Rakotondravony; Guschanski & Radespiel; 2007,Bongolava Mouse Lemur,53.76,-999,5,yes,yes,yes,yes,no,yes,no,2,1,1,3,-999,-999,-999,-999,-999,-999,-999,1,0,0,0,0,0,0,0,0,0,0,0,0,0,0,1,0,0,0,0,0,0,0,0,1,0,0,0,0,0,1,0,0,262; 207; 116; 106; 252
Primates,Cheirogaleidae,Microcebus,Microcebus danfossorum,Olivieri; Zimmermann; Randrianambinina; Rassoloharijaona; Rakotondravony; Guschanski & Radespiel; 2007,Danfoss' Mouse Lemur,62.8,-999,5,yes,yes,yes,yes,no,yes,no,2,-999,1,3,-999,-999,-999,-999,-999,-999,-999,1,0,0,0,0,0,0,0,0,0,0,0,0,0,0,0,0,0,0,0,0,0,0,0,1,0,0,0,0,0,1,0,0,262; 207; 106; 252
Primates,Cheirogaleidae,Microcebus,Microcebus gerpi,Radespiel; Ratsimbazafy; Rasoloharijaona; Raveloson; Andriaholinirina; Rakotondravony; Randrianarison  & Randrianambinina; 2012,Gerp's Mouse Lemur,68.14,-999,-999,-999,-999,-999,-999,-999,-999,-999,-999,-999,1,3,-999,-999,-999,-999,-999,-999,-999,0,1,0,0,0,0,0,0,0,0,0,0,0,1,0,0,0,0,0,0,0,0,0,0,0,0,0,0,0,0,0,1,0,303; 106; 252
Primates,Cheirogaleidae,Microcebus,Microcebus griseorufus,Kollman; 1910,Grey-brown Mouse Lemur,52.1,-999,5,yes,yes,yes,yes,no,yes,no,2,-999,1,3,52,3,218.85,-999,-999,-999,218.4,0,1,0,1,1,0,0,0,0,1,1,1,0,0,0,0,0,0,0,0,0,0,0,0,0,0,0,0,0,0,0,0,1,309; 223; 347; 376; 83; 146; 207; 252; 149; 255
Primates,Cheirogaleidae,Microcebus,Microcebus jollyae,Louis Jr.; Coles; Andriantompohavana; Sommer; Engberg; Zaonarivelo; Mayor & Brenneman; 2006,Jolly's Mouse Lemur,61.3,-999,5,yes,yes,yes,yes,no,yes,no,2,1,1,3,-999,-999,-999,-999,-999,-999,-999,0,1,0,0,0,0,0,0,0,0,0,0,0,0,0,0,0,0,0,0,0,0,0,0,0,0,1,0,0,1,0,0,0,223; 207; 116; 178; 252
Primates,Cheirogaleidae,Microcebus,Microcebus lehilahytsara,Roos & Kappeler; 2005,Goodman's Mouse Lemur,42.3,-999,5,yes,yes,yes,yes,no,yes,no,2,1,1,3,-999,-999,-999,-999,110,1,-999,0,1,0,0,1,1,0,1,0,0,0,0,0,1,0,0,0,0,0,0,0,0,0,0,0,1,0,1,0,0,0,1,0,347; 223; 207; 116; 313; 252
Primates,Cheirogaleidae,Microcebus,Microcebus macarthurii,Radespiel; Olivieri; Rasolofoson; Rakotondratsimba; Rakotonirainy; Rasoloharijaona; Randrianambinina; Ratsimbazafy; Ratelolahy; Randriamboavonjy; Rasolofoharivelo; Craul; Rakotozafy & Randrianarison; 2008,MacArthur's Mouse Lemur; Anjiahely Mouse Lemur,53.67,-999,-999,-999,-999,-999,-999,-999,-999,-999,-999,1,1,3,-999,-999,-999,-999,-999,-999,-999,0,1,0,0,0,0,0,0,1,0,0,0,0,0,0,0,0,0,0,0,0,0,0,0,1,0,0,0,0,0,1,1,0,302; 116; 106; 252
Primates,Cheirogaleidae,Microcebus,Microcebus mamiratra,Andriantompohavana; Zaonarivelo; Engberg; Randriamampionona; McGuire; Shore; Rakotonomenjanahary; Brenneman & Louis Jr.; 2006,Claire's Mouse Lemur,60.04,-999,5,yes,yes,yes,yes,no,yes,no,2,1,1,3,-999,-999,-999,-999,-999,-999,-999,0,0,0,0,1,0,0,0,0,0,0,0,0,0,0,0,0,1,0,0,0,0,0,0,0,0,0,0,1,0,0,0,0,262; 223; 116; 106
Primates,Cheirogaleidae,Microcebus,Microcebus margotmarshae,Louis; Engberg; McGuire; McCormick; Randriamampionona; Ranaivoarisoa; Bailey; Mittermeier & Lei; 2008,Margot Marsh's Mouse Lemur; Antafondro Mouse Lemur,41,-999,-999,-999,-999,-999,-999,-999,-999,-999,-999,-999,1,3,-999,-999,-999,-999,-999,-999,-999,1,0,1,0,1,0,0,0,0,0,0,0,0,0,0,0,0,1,0,0,0,0,0,0,1,0,0,0,1,0,1,0,0,223; 178; 252
Primates,Cheirogaleidae,Microcebus,Microcebus marohita,Rasoloarison; Weisrock; Yoder; Rakotondravony & Kappeler; 2013,Marohita Mouse Lemur,55.76,-999,-999,-999,-999,-999,-999,-999,-999,-999,-999,-999,1,3,-999,-999,-999,-999,-999,-999,-999,0,1,0,0,0,0,0,0,0,0,0,0,0,1,0,0,0,0,0,0,0,0,0,0,0,0,0,0,0,0,0,1,0,308; 106; 252
Primates,Cheirogaleidae,Microcebus,Microcebus mittermeieri,Louis Jr.; Coles; Andriantompohavana; Sommer; Engberg; Zaonarivelo; Mayor & Brenneman; 2006,Mittermeier's Mouse Lemur,44.59,-999,5,yes,yes,yes,yes,no,yes,no,2,1,1,3,-999,-999,-999,-999,-999,-999,-999,0,1,0,0,1,0,0,0,1,0,0,0,0,0,0,0,0,0,0,0,0,0,0,1,1,0,0,0,1,0,1,1,0,223; 302; 207; 116; 106; 252
Primates,Cheirogaleidae,Microcebus,Microcebus murinus,(J.F. Miller; 1777),Grey Mouse Lemur; Gray Mouse-lemur; Lesser Mouse-lemur; Grey Mouse-lemur,60.32,1.8,5,yes,yes,yes,yes,no,yes,no,2,1,1,3,60.97,2,219,0.01,461,1,202.2,1,1,0,1,1,0,0,0,0,1,1,1,0,0,1,1,0,0,0,1,0,1,1,0,1,0,0,0,0,1,1,0,1,309; 223; 262; 54; 376; 146; 207; 191; 185; 3; 4
Primates,Cheirogaleidae,Microcebus,Microcebus myoxinus,Peters; 1852,Peters' Mouse Lemur; Pygmy Mouse Lemur; Western Rufous Mouse Lemur,47.12,-999,5,yes,yes,yes,yes,no,yes,no,2,1,1,3,58,2,218.85,-999,-999,1,218.4,1,0,0,0,0,0,0,0,0,0,0,0,0,0,0,1,0,0,0,0,0,1,1,0,0,0,0,0,0,0,1,0,1,309; 262; 376; 146; 207; 191; 84; 255
Primates,Cheirogaleidae,Microcebus,Microcebus ravelobensis,Zimmermann; Cepok; Rakotoarison; Zietemann & Radespiel; 1998,Golden-brown Mouse Lemur,63.14,-999,5,yes,yes,yes,yes,no,yes,no,2,1,1,3,60,2,-999,-999,-999,-999,-999,1,0,0,0,0,0,0,0,0,0,0,0,0,0,0,1,0,0,0,0,0,0,0,0,1,0,0,0,0,0,1,0,0,309; 223; 262; 376; 146; 252; 116; 207; 133; 149
Primates,Cheirogaleidae,Microcebus,Microcebus rufus,(É. Geoffroy; 1834),Rufous Mouse Lemur; Brown Mouse-lemur; Rufous Mouse-lemur; Russet Mouse-lemur,43.7,1.78,5,yes,yes,yes,yes,no,yes,no,2,1,1,3,60,2.51,219,0.01,167.8,1,144,0,1,1,0,1,0,0,0,0,0,0,0,1,0,0,0,0,0,1,1,0,0,0,0,0,0,1,0,0,1,0,0,0,223; 226; 376; 146; 207; 191; 119; 4; 191
Primates,Cheirogaleidae,Microcebus,Microcebus sambiranensis,Rasoloarison; Goodman & Ganzhorn; 2000,Sambirano Mouse Lemur,44.18,-999,5,yes,yes,yes,yes,no,yes,no,2,1,1,3,60,2,-999,-999,-999,-999,-999,1,0,0,0,1,0,0,0,0,0,0,0,0,0,0,0,0,1,0,0,0,0,0,0,1,0,0,0,1,0,1,0,0,309; 223; 262; 146; 207; 116; 376; 133; 149
Primates,Cheirogaleidae,Microcebus,Microcebus simmonsi,Louis Jr.; Coles; Andriantompohavana; Sommer; Engberg; Zaonarivelo; Mayor & Brenneman; 2006,Simmons' Mouse Lemur,64.8,-999,5,yes,yes,yes,yes,no,yes,no,2,1,1,3,-999,-999,-999,-999,-999,-999,-999,0,1,0,0,1,1,0,0,1,0,0,0,0,1,0,0,0,0,0,0,0,0,0,0,0,0,0,0,0,0,0,1,0,223; 207; 116; 106; 252
Primates,Cheirogaleidae,Microcebus,Microcebus tavaratra,Rasoloarison; Goodman & Ganzhorn; 2000,Tavaratra Mouse Lemur; Northern Rufous Mouse Lemur,55.04,-999,5,yes,yes,yes,yes,no,yes,no,2,1,1,3,-999,2,-999,-999,-999,-999,-999,1,0,0,0,1,0,0,0,0,0,0,0,0,0,0,0,0,1,0,0,0,0,0,1,0,0,0,0,1,0,0,0,0,309; 223; 262; 376; 146; 207; 252; 149
Afrosoricida,Tenrecidae,Microgale,Microgale brevicaudata,G. Grandidier; 1899,Short-tailed shrew tenrec,8.9,-999,1,yes,no,no,no,no,no,no,3,2,2,1,-999,4.5,-999,-999,-999,-999,-999,1,1,1,1,1,0,0,0,1,0,0,0,0,0,1,1,0,1,0,0,0,1,1,1,1,0,0,0,1,0,1,1,1,163; 376; 207; 191
Afrosoricida,Tenrecidae,Microgale,Microgale cowani,Thomas; 1882,Cowan's Shrew Tenrec,13.8,-999,1,yes,no,no,no,no,no,no,3,1,1,1,-999,5,-999,-999,-999,-999,13,1,1,1,1,1,1,1,1,1,0,1,0,1,1,1,0,1,1,1,1,0,1,1,1,1,1,1,1,1,1,1,1,1,163; 376; 207; 191; 149; 255
Afrosoricida,Tenrecidae,Microgale,Nesogale dobsoni,Thomas; 1884,Dobson's Shrew Tenrec,36,-999,1,yes,no,no,no,no,no,no,3,1,1,1,61.32,2.67,-999,-999,-999,1,67.2,1,1,1,1,1,1,1,1,1,0,1,0,1,1,1,0,0,1,1,1,1,0,0,1,1,1,1,1,1,1,1,1,1,332; 376; 207; 191; 149; 188; 4; 133
Afrosoricida,Tenrecidae,Microgale,Microgale drouhardi,G. Grandidier; 1934,Drouhard's Shrew Tenrec; Striped Shrew Tenrec,10.5,-999,1,yes,no,no,no,no,no,no,3,2,1,1,-999,6,-999,-999,-999,-999,13,1,1,1,1,1,1,1,1,1,0,1,0,1,1,1,0,0,1,1,1,0,0,0,1,1,1,1,1,1,1,1,1,1,332; 376; 207; 116; 149; 255
Afrosoricida,Tenrecidae,Microgale,Microgale dryas,Jenkins; 1992,Dryad Shrew Tenrec; Tree Shrew Tenrec,40,-999,1,yes,no,no,no,no,no,no,3,1,1,1,91.25,6,243.33,-999,-999,1,-999,0,1,0,0,1,0,0,0,1,0,0,0,0,0,0,0,0,0,0,0,0,0,0,1,1,0,0,0,1,0,1,1,0,332; 376; 207; 135; 149
Afrosoricida,Tenrecidae,Microgale,Microgale fotsifotsy,Jenkins; Raxworthy & Nussbaum; 1997,Pale Shrew Tenrec; Pale-footed Shrew Tenrec,9.4,-999,1,yes,no,no,no,no,no,no,3,1,1,1,-999,6,-999,-999,-999,-999,-999,1,1,1,1,1,1,1,1,1,0,1,0,1,1,1,0,0,1,1,1,0,0,0,1,1,1,1,1,1,1,1,1,1,163; 376; 207; 116; 149
Afrosoricida,Tenrecidae,Microgale,Microgale gracilis,(Major; 1896),Gracile Shrew Tenrec,23.3,-999,1,yes,no,no,no,no,no,no,3,1,1,1,-999,6,-999,56,-999,1,-999,0,1,1,1,1,1,1,1,1,0,1,0,1,1,1,0,0,0,1,1,1,0,0,1,1,1,1,1,1,1,1,1,1,332; 376; 207; 191; 149; 278
Afrosoricida,Tenrecidae,Microgale,Microgale grandidieri,Olson; Rakotomalala; Hildebrandt; Lanier; Raxworthy & Goodman; 2009,Grandidier's shrew tenrec,8.85,-999,-999,-999,-999,-999,-999,-999,-999,-999,-999,1,1,1,-999,-999,-999,-999,-999,-999,-999,1,0,0,1,1,0,0,0,0,0,0,1,0,0,0,1,0,0,0,0,0,1,1,0,0,0,0,0,0,0,1,0,1,264; 116; 149; 133
Afrosoricida,Tenrecidae,Microgale,Microgale gymnorhyncha,Jenkins; Goodman & Raxworthy; 1996,Naked-nosed Shrew Tenrec,18.2,-999,1,yes,no,no,no,no,no,no,3,1,1,1,-999,6,-999,-999,-999,-999,-999,0,1,1,1,1,1,1,1,1,0,1,0,1,1,1,0,0,0,1,1,1,0,0,1,1,1,1,1,1,1,1,1,1,332; 376; 207; 133; 149
Afrosoricida,Tenrecidae,Microgale,Microgale jenkinsae,Goodman & Soarimalala; 2004,Jenkins' Shrew Tenrec,5.1,-999,1,yes,no,no,no,no,no,no,3,1,1,1,-999,-999,-999,-999,-999,-999,-999,0,0,0,1,0,0,0,0,0,0,0,1,0,0,0,0,0,0,0,0,0,0,0,0,0,0,0,0,0,0,0,0,1,151; 207; 133; 149
Afrosoricida,Tenrecidae,Microgale,Microgale jobihely,Goodman; Raxworthy; Maminirina & Olson; 2006,Northern Shrew Tenrec,9,-999,1,yes,no,no,no,no,no,no,3,1,1,1,-999,-999,-999,-999,-999,-999,-999,0,1,0,0,1,1,0,0,0,0,0,0,0,1,0,0,0,0,0,0,0,0,0,0,1,0,0,0,0,0,1,1,0,163; 207; 116; 149; 133
Afrosoricida,Tenrecidae,Microgale,Microgale longicaudata,Thomas; 1882,Lesser Long-tailed Shrew Tenrec,5.65,-999,1,yes,no,no,no,no,no,no,3,2,2,1,-999,6,-999,-999,-999,-999,-999,1,1,0,0,1,0,0,0,0,0,0,0,0,0,0,0,0,1,0,0,1,0,0,0,0,1,0,1,1,0,0,0,0,210; 376; 207; 191; 149
Afrosoricida,Tenrecidae,Microgale,Microgale majori,Thomas; 1918,Major's Long-tailed Tenrec,-999,-999,1,yes,no,no,no,no,no,no,3,2,1,1,-999,-999,-999,-999,-999,-999,-999,1,1,1,1,1,1,1,1,1,0,1,1,1,1,1,0,1,1,1,1,0,1,1,1,1,1,1,1,1,1,1,1,1,207; 133; 149
Afrosoricida,Tenrecidae,Microgale,Microgale monticola,Goodman & Jenkins; 1998,Montane Shrew Tenrec; Mountain Shrew Tenrec,13.9,-999,1,yes,no,no,no,no,no,no,3,1,1,1,-999,6,-999,-999,-999,-999,-999,0,1,1,0,1,0,0,0,1,0,0,0,0,0,0,0,0,0,0,0,0,0,0,1,1,0,0,0,1,0,1,1,0,332; 376; 207; 116; 149
Afrosoricida,Tenrecidae,Microgale,Microgale nasoloi,Jenkins & Goodman; 1999,Nasolo's Shrew Tenrec,14,-999,1,yes,no,no,no,no,no,no,3,2,1,1,-999,2.5,-999,-999,-999,-999,-999,0,1,0,1,1,0,0,0,0,0,0,1,0,0,0,0,0,0,0,0,0,0,1,0,0,0,0,0,0,0,0,0,1,149; 376; 207; 116; 149; 252
Afrosoricida,Tenrecidae,Microgale,Microgale parvula,G. Grandidier; 1934,Pygmy Shrew Tenrec,3.2,-999,1,yes,no,no,no,no,no,no,3,2,1,1,-999,6,-999,-999,-999,-999,-999,1,1,1,1,1,1,1,1,1,0,1,0,1,1,1,0,0,1,1,1,0,0,0,1,1,1,1,1,1,1,1,1,1,151; 376; 207; 191; 149
Afrosoricida,Tenrecidae,Microgale,Microgale principula,Thomas; 1926,Greater Long-tailed Shrew Tenrec,10.2,-999,1,yes,no,no,no,no,no,no,3,1,1,1,-999,6,-999,-999,-999,-999,-999,0,1,1,1,1,1,1,1,1,0,1,0,1,1,1,0,0,0,1,1,0,0,0,1,1,1,1,1,1,1,1,1,1,332; 376; 207; 116; 149
Afrosoricida,Tenrecidae,Microgale,Microgale pusilla,Major; 1896,Least Shrew Tenrec; Lesser Shrew Tenrec,3.5,-999,1,yes,no,no,no,no,no,no,3,2,1,1,-999,6,-999,-999,-999,-999,-999,0,1,1,1,1,1,1,1,1,0,1,0,1,1,1,0,0,0,1,1,1,0,0,0,0,1,1,1,0,1,1,1,1,163; 376; 207; 191; 149
Afrosoricida,Tenrecidae,Microgale,Microgale soricoides,Jenkins; 1993,Shrew-toothed Shrew Tenrec; Shrew Tenrec,18,-999,1,yes,no,no,no,no,no,no,3,1,1,1,-999,6,-999,-999,-999,-999,-999,1,1,1,1,1,1,1,1,1,0,1,0,1,1,1,0,0,1,1,1,1,0,0,1,1,1,1,1,1,1,1,1,1,210; 376; 207; 116; 149
Afrosoricida,Tenrecidae,Microgale,Microgale taiva,Major; 1896,Taiva Shrew Tenrec,11.8,-999,1,yes,no,no,no,no,no,no,3,1,1,1,-999,6,-999,-999,-999,-999,13,0,1,1,1,1,1,1,1,1,0,1,0,1,1,0,0,0,0,1,1,0,0,0,1,1,1,1,1,1,1,1,1,1,163; 376; 207; 116; 149; 255
Afrosoricida,Tenrecidae,Microgale,Nesogale talazaci,Major; 1896,Talzac's Shrew Tenrec,52.5,-999,1,yes,no,no,no,no,no,no,3,2,1,1,60.62,2.12,-999,-999,-999,-999,69.8,1,1,1,1,1,1,1,1,1,0,1,0,1,1,1,0,0,1,1,1,0,0,0,1,1,1,1,1,1,1,1,1,1,332; 376; 207; 191; 149; 19; 4
Afrosoricida,Tenrecidae,Microgale,Microgale thomasi,Major; 1896,Thomas' Shrew Tenrec; Thomas's Shrew Tenrec,22.9,-999,1,yes,no,no,no,no,no,no,3,1,1,1,-999,2,-999,-999,-999,-999,34.9,0,1,1,1,1,1,1,1,1,0,1,0,1,1,0,0,0,0,1,1,0,0,0,0,0,1,1,1,0,1,0,1,1,332; 376; 207; 191; 149; 252; 255
Chiroptera,Vespertilionidae,Hypsugo,Hypsugo bemainty,Goodman; Rakotondramanana; Ramasindrazana; Kearney; Maonadjem; Schoeman; Taylor; Naughton & Appleton; 2015,Dark Madagascar pipistrelle,3.6,-999,1,yes,no,no,no,no,no,no,3,-999,-999,-999,-999,-999,-999,-999,-999,-999,-999,1,0,0,1,0,0,0,0,0,0,0,0,0,0,0,0,0,0,0,0,0,0,1,0,0,0,0,0,0,0,0,0,1,158; 304
Chiroptera,Vespertilionidae,Miniopterus,Miniopterus gleni,Peterson; Eger & Mitchell; 1995,Glen's Long-fingered Bat,13.2,-999,1,yes,no,no,no,no,no,no,3,1,1,4,-999,-999,-999,-999,-999,90,-999,1,1,1,1,1,1,1,1,1,0,0,1,0,1,1,1,1,1,1,1,1,1,1,1,1,1,1,1,1,1,1,1,1,156; 376; 85; 207; 116; 133
Chiroptera,Vespertilionidae,Miniopterus,Miniopterus aelleni,Goodman; Maminirina; Weyeneth; Bradman; Christidis; Ruedi & Appleton; 2009,Aellen's Long-fingered Bat,4.6,-999,1,yes,no,no,no,no,no,no,3,-999,-999,-999,-999,-999,-999,-999,-999,-999,-999,1,1,0,0,1,0,0,0,0,0,0,0,0,0,0,1,0,1,0,0,0,1,1,0,1,0,0,0,1,0,1,0,1,155; 85
Chiroptera,Vespertilionidae,Miniopterus,Miniopterus brachytragos,Goodman; Maminirina; Bradman; Christidis & Appleton; 2009,,4.3,-999,-999,-999,-999,-999,-999,-999,-999,-999,-999,-999,-999,-999,-999,-999,-999,-999,-999,-999,-999,1,1,0,0,1,0,0,0,1,0,0,0,0,0,0,1,0,1,0,0,0,1,1,1,0,0,0,0,1,0,1,1,1,155
Chiroptera,Vespertilionidae,Miniopterus,Miniopterus egeri,Goodman; Ramasindrazana; Maminirina; Schoeman & Appleton;; 2011,Eger’s Long-fingered Bat,5.7,-999,-999,-999,-999,-999,-999,-999,-999,-999,-999,-999,-999,-999,-999,-999,-999,-999,-999,-999,-999,0,1,0,0,1,1,0,0,1,0,0,0,0,1,0,0,0,0,0,0,0,0,0,1,0,0,1,0,1,1,0,1,0,161
Chiroptera,Vespertilionidae,Miniopterus,Miniopterus griffithsi,Goodman; Maminirina; Bradman; Christidis & Appleton; 2010,Griffiths’s Long-fingered Bat,13.6,-999,-999,-999,-999,-999,-999,-999,-999,-999,-999,-999,-999,-999,-999,-999,-999,-999,-999,-999,-999,0,0,0,1,0,0,0,0,0,1,1,1,0,0,0,0,0,0,0,0,0,0,0,0,0,0,0,0,0,0,0,0,1,156
Chiroptera,Vespertilionidae,Miniopterus,Miniopterus mahafaliensis,Goodman; Maminirina; Bradman; Christidis; & Appleton; 2009,Mahafaly Long-fingered Bat,4.9,-999,-999,-999,-999,-999,-999,-999,-999,-999,-999,-999,-999,-999,-999,-999,-999,-999,-999,-999,-999,0,1,0,1,1,0,0,0,0,1,1,1,0,0,0,0,0,0,0,1,0,0,1,0,0,0,0,0,0,1,0,0,1,155
Chiroptera,Vespertilionidae,Miniopterus,Miniopterus majori,Thomas; 1906,Major's Long-fingered Bat,9.7,-999,1,yes,no,no,no,no,no,no,3,1,1,4,113.44,1,364.75,-999,-999,-999,264,1,1,1,1,1,1,1,1,1,1,1,1,1,1,0,0,0,1,1,1,0,0,1,1,1,1,1,1,1,1,1,1,1,161; 376; 207; 133; 255
Chiroptera,Vespertilionidae,Miniopterus,Miniopterus manavi,Thomas; 1906,Manavil Long-fingered Bat; Manavi Long-fingered Bat,6.4,-999,1,yes,no,no,no,no,no,no,3,1,1,4,-999,-999,-999,-999,-999,-999,-999,1,1,1,1,1,1,1,1,1,1,1,1,1,1,1,1,1,1,1,1,1,1,1,1,1,1,1,1,1,1,1,1,1,155; 376; 207; 116
Chiroptera,Vespertilionidae,Miniopterus,Miniopterus petersoni,Goodman; Bradman; Maminirina; Ryan; Christidis & Appleton; 2008,Peterson's Long-fingered Bat,6.3,-999,1,yes,no,no,no,no,no,no,3,1,-999,-999,-999,-999,-999,-999,-999,-999,-999,0,1,0,1,1,0,0,0,0,0,1,0,1,0,0,0,0,0,0,1,0,0,0,0,0,0,1,0,0,1,0,0,1,161; 207; 116
Chiroptera,Vespertilionidae,Miniopterus,Miniopterus sororculus,Goodman; Ryan; Maminirina; Fahr; Christidis & Appleton; 2007,Sororcula Long-fingered Bat,7.9,-999,1,yes,no,no,no,no,no,no,3,1,-999,-999,-999,-999,-999,-999,-999,-999,-999,0,1,1,1,1,0,1,1,0,1,1,0,1,1,0,0,0,0,1,1,1,0,0,0,0,1,1,1,0,1,0,1,1,161; 207; 116
Primates,Cheirogaleidae,Mirza,Mirza coquereli,(A. Grandidier; 1867),Coquerel's Giant Mouse Lemur; Coquerel's Dwarf Lemur; Coquerel's Mouse-lemur,309,5.8,5,yes,yes,yes,no,yes,yes,no,2,1,1,3,89.92,1.76,365,0.03,107.17,1,196.2,1,0,0,1,1,0,0,0,0,0,1,1,0,0,0,1,0,0,0,1,0,1,1,0,0,0,0,0,0,1,1,0,1,347; 54; 376; 207; 191; 4
Primates,Cheirogaleidae,Mirza,Mirza zaza,Kappeler & Roos; 2005,Northern Giant Mouse Lemur,290,-999,6,yes,yes,yes,yes,no,yes,yes,2,1,1,3,-999,-999,-999,-999,735.5,1,-999,1,0,0,0,1,0,0,0,0,0,0,0,0,0,0,0,0,1,0,0,0,0,0,0,1,0,0,0,1,0,1,0,0,347; 207; 146; 252; 313
Rodentia,Nesomyidae,Monticolomys,Monticolomys koopmani,Carleton & Goodman; 1996,Malagasy Mountain Mouse,22.6,-999,5,yes,yes,yes,no,yes,yes,no,2,1,1,2,-999,4,-999,-999,-999,-999,-999,0,1,1,1,1,1,1,0,0,0,1,0,1,1,0,0,0,0,1,1,0,0,0,0,0,1,1,1,0,1,0,1,1,149; 376; 207; 149; 204
Chiroptera,Molossidae,Mops,Mops leucostigma,(G.M. Allen; 1918),Malagasy White-bellied Free-tailed Bat; White-shouldered Bat; Madagascar White-bellied Free-tailed Bat;,21,-999,1,yes,no,no,no,no,no,no,3,1,1,4,88.64,1,-999,-999,-999,-999,-999,1,1,1,1,1,1,0,0,1,0,0,1,0,1,0,1,0,1,0,0,0,1,1,1,1,0,0,0,1,0,1,1,1,85; 376; 85; 133; 255
Chiroptera,Molossidae,Mops,Mops midas,(Sundevall; 1843),Midas Mops Bat; Sundevall's Free-tailed Bat; Midas Groove-cheeked Bat; Midas Bat; Midas Free-tailed Bat,45.2,-999,1,yes,no,no,no,no,no,no,3,1,1,4,45.5,1.22,-999,-999,600,-999,156,1,1,0,1,1,0,0,0,0,1,1,1,0,1,1,1,0,1,0,1,0,0,1,0,1,0,0,0,1,1,1,1,1,332; 376; 191; 255; 133
Chiroptera,Molossidae,Mormopterus,Mormopterus jugularis,(Peters in Sclater; 1865),Peters' Wrinkle-lipped Bat; Peters's Goblin Bat; Peters's Wrinkle-lipped Bat,11,-999,1,yes,no,no,no,no,no,no,3,1,1,4,-999,-999,-999,-999,-999,-999,-999,1,1,1,1,1,1,1,1,1,1,1,1,1,1,0,0,0,1,1,1,1,0,0,1,1,1,1,1,1,1,1,1,1,85; 376; 85; 207; 191
Carnivora,Eupleridae,Mungotictis,Mungotictis decemlineata,(A. Grandidier; 1867),Bokiboky; Malagasy Narrow-striped Mongoose; Narrow-striped Mongoose,650,-999,2,yes,yes,no,no,no,no,no,3,2,3,1,99.17,1,365,1.19,7.33,5.5,168,1,0,0,1,0,0,0,0,0,0,0,1,0,0,0,0,0,0,0,0,0,0,1,0,0,0,0,0,0,0,0,0,1,332; 376; 207; 191; 55; 4; 133; 275
Chiroptera,Vespertilionidae,Myotis,Myotis goudoti,(A. Smith; 1834),Malagasy Mouse-eared Bat,6,-999,1,yes,no,no,no,no,no,no,3,1,1,4,-999,-999,-999,-999,-999,-999,-999,1,1,1,1,1,1,1,1,1,1,1,1,1,1,1,1,1,1,1,1,1,1,1,1,1,1,1,1,1,1,1,1,1,85; 376; 85; 207; 191
Chiroptera,Myzopodidae,Myzopoda,Myzopoda aurita,Milne-Edwards & A. Grandidier; 1878,Eastern Sucker-footed Bat; Old World Sucker-footed Bat; Madagascar Sucker-footed Bat; Sucker-footed Bat,12.37,-999,1,yes,no,no,no,no,no,no,3,1,1,4,-999,-999,-999,-999,-999,-999,-999,0,1,1,1,1,1,1,1,1,0,1,0,1,1,0,0,0,0,1,1,0,0,0,1,1,1,1,1,1,1,1,1,1,159; 207; 191; 376
Chiroptera,Myzopodidae,Myzopoda,Myzopoda schliemanni,Goodman; Rakotondraparany & Kofoky; 2007,Schliemann's Sucker-footed Bat,12.2,-999,1,yes,no,no,no,no,no,no,3,1,-999,-999,-999,-999,-999,-999,-999,-999,-999,1,0,0,0,0,0,0,0,0,0,0,0,0,0,0,1,0,0,0,0,0,1,0,0,1,0,0,0,0,0,1,0,0,159; 207; 116
Chiroptera,Vespertilionidae,Neoromicia,Neoromicia robertsi,Goodman; Taylor; Ratrimomanarivo & Hoofer; 2012,,9.65,-999,-999,-999,-999,-999,-999,-999,-999,-999,-999,-999,-999,-999,-999,-999,-999,-999,-999,-999,-999,0,1,0,0,1,1,0,0,0,0,0,0,0,1,0,0,0,0,0,0,0,0,0,0,0,0,0,0,0,0,0,1,0,158
Chiroptera,Vespertilionidae,Neoromicia,Neoromicia malagasyensis,(Peterson; Eger & Mitchell; 1995),Isalo Serotine,4.5,-999,1,yes,no,no,no,no,no,no,3,-999,-999,-999,-999,-999,-999,-999,-999,-999,-999,0,0,0,1,1,0,0,0,0,0,0,1,0,0,0,0,0,0,0,1,0,0,0,0,0,0,0,0,0,1,0,0,1,158; 207
Chiroptera,Vespertilionidae,Neoromicia,Neoromicia matroka,(Thomas & Schwann; 1905),Malagasy Serotine; Matroka Bat; Malagasy Serotine,5.1,-999,1,yes,no,no,no,no,no,no,3,1,-999,-999,-999,1.22,-999,-999,-999,-999,-999,0,1,1,0,1,1,1,1,0,0,0,0,1,1,0,0,0,0,1,1,1,0,0,0,0,1,1,1,0,1,0,1,0,158; 376; 207; 116; 191
Chiroptera,Vespertilionidae,Neoromicia,Neoromicia melckorum,(Roberts; 1919),Melck's Pipistrelle Bat; Melck's Serotine Bat; Melck's House Bat,7.2,-999,1,yes,no,no,no,no,no,no,3,1,1,4,-999,1.98,-999,-999,-999,-999,-999,0,1,0,0,1,1,0,1,0,0,0,0,0,1,0,0,0,0,0,0,0,0,0,0,0,0,0,1,0,0,0,1,0,255; 376; 191
Chiroptera,Vespertilionidae,Neoromicia,Neoromicia nana,(Peters; 1852),Banana Pipistrelle Bat; Banana Bat; Banana Pipistrelle,4,-999,1,yes,no,no,no,no,no,no,3,1,1,-999,75.56,1.86,243.33,-999,-999,-999,-999,0,0,0,1,0,0,0,0,0,0,0,1,0,0,0,0,0,0,0,0,0,0,1,0,0,0,0,0,0,0,0,0,1,2; 207; 116; 376; 191; 191
Rodentia,Nesomyidae,Nesomys,Nesomys audeberti,Jentink; 1879,Lowland Red Forest Rat,212.5,-999,4,yes,yes,yes,no,yes,no,no,2,2,2,1,-999,1.5,-999,0.007,-999,-999,14,0,1,1,1,1,1,1,1,1,0,1,0,1,1,0,0,0,0,1,1,0,0,0,1,1,1,1,1,1,1,1,1,1,332; 376; 207; 133; 149; 252; 191; 255
Rodentia,Nesomyidae,Nesomys,Nesomys lambertoni,G. Grandidier; 1928,Lowland Red Forest Rat,155,-999,4,yes,yes,yes,no,yes,no,no,2,2,2,1,-999,1,-999,-999,-999,-999,14,1,0,0,0,0,0,0,0,0,0,0,0,0,0,0,0,0,0,0,0,0,1,0,0,0,0,0,0,0,0,1,0,0,332; 376; 207; 116; 149; 255
Rodentia,Nesomyidae,Nesomys,Nesomys rufus,Peters; 1870,Eastern Red Forest Rat; Island Mouse,162.5,-999,4,yes,yes,yes,no,yes,no,no,2,1,2,1,-999,1.5,-999,0.004,-999,-999,14,1,1,1,1,1,1,1,1,1,0,1,0,1,1,1,0,0,1,1,1,0,0,0,1,1,1,1,1,1,1,1,1,1,332; 376; 207; 133; 252; 191; 255
Chiroptera,Nycteridae,Nycteris,Nycteris madagascariensis,G. Grandidier; 1937,Madagascar Slit-faced Bat,16.09,-999,2,yes,yes,no,no,no,no,no,3,1,1,4,78.21,1,-999,-999,-999,-999,-999,1,1,1,0,1,0,0,0,1,0,0,0,0,0,0,0,0,1,0,0,0,0,0,1,1,0,0,0,1,0,1,1,0,255; 376; 207; 116; 255
Afrosoricida,Tenrecidae,Oryzorictes,Oryzorictes hova,A. Grandidier; 1870,Mole-like Rice Tenrec; Hova Rice Tenrec; Hova Mole Tenrec; Fossorial Tenrec,36.5,-999,1,yes,no,no,no,no,no,no,3,2,1,1,-999,3,-999,-999,-999,-999,-999,1,1,1,1,1,1,1,1,1,0,1,0,1,1,1,0,0,1,1,1,0,0,0,1,1,1,1,1,1,1,1,1,1,332; 376; 207; 191; 133
Afrosoricida,Tenrecidae,Oryzorictes,Oryzorictes tetradactylus,Milne-Edwards & A. Grandidier; 1882,Four-toed Rice Tenrec; Four-toed Mole Tenrec,36,-999,1,yes,no,no,no,no,no,no,3,2,1,1,-999,-999,-999,-999,-999,-999,-999,0,1,1,0,1,0,1,0,0,0,0,0,1,0,0,0,0,0,1,1,0,0,0,0,0,0,1,0,0,1,0,0,0,332; 376; 207; 116
Chiroptera,Molossidae,Otomops,Otomops madagascariensis,Dorst; 1953,Madagascar Free-tailed Bat,25.52,-999,1,yes,no,no,no,no,no,no,3,1,1,4,92.54,1,-999,-999,-999,1,-999,1,0,0,1,1,0,0,0,0,0,0,1,0,0,0,1,0,1,0,1,0,1,1,1,0,0,0,0,1,1,1,0,1,5; 376; 85; 207; 133; 255
Primates,Cheirogaleidae,Phaner,Phaner electromontis,Groves & Tattersall; 1991,Montagne D' Ambre Fork-marked Lemur; Amber Mountain Fork-marked Lemur,387,7.2,3,yes,no,no,yes,no,yes,no,2,1,1,3,174.46,1,-999,-999,-999,-999,305.4,1,1,0,0,1,0,0,0,0,0,0,0,0,0,0,0,0,1,0,0,0,0,0,1,0,0,0,0,1,0,0,0,0,347; 185; 376; 207; 116; 255
Primates,Cheirogaleidae,Phaner,Phaner furcifer,(de Blainville; 1839),Masoala Fork-marked Lemur; Eastern Fork-marked Lemur,400,6.94,3,yes,no,no,yes,no,yes,no,2,1,2,3,174.46,1.01,365,0.02,500.24,1,222,0,1,0,0,1,1,0,0,1,0,0,0,0,1,0,0,0,0,0,0,0,0,0,1,1,0,0,0,1,0,1,1,0,255; 185; 376; 207; 146; 191; 4; 30
Primates,Cheirogaleidae,Phaner,Phaner pallescens,Groves & Tattersall; 1991,Pale Fork-marked Lemur; Western Fork-marked Lemur,333,6.68,3,yes,no,no,yes,no,yes,no,2,1,1,3,174.46,1,912.5,0.065,205,3,305.4,1,0,0,1,1,0,0,0,0,0,0,1,0,0,0,1,0,0,0,1,0,1,1,0,0,0,0,0,0,1,1,0,1,347; 185; 376; 207; 133; 255; 320; 252
Primates,Cheirogaleidae,Phaner,Phaner parienti,Groves & Tattersall; 1991,Sambirano Fork-marked Lemur; Pariente's Fork-marked Lemur,360,6.94,3,yes,no,no,yes,no,yes,no,2,1,1,3,174.46,1,-999,-999,-999,-999,305.4,1,0,0,0,1,0,0,0,0,0,0,0,0,0,0,0,0,1,0,0,0,0,0,0,1,0,0,0,1,0,1,0,0,347; 185; 376; 207; 116; 255
Chiroptera,Vespertilionidae,Pipistrellus,Pipistrellus anchietae,(Seabra; 1900),Anchieta's Bat; Anchieta's Pipistrelle; Miombo pipistrelle,-999,-999,1,yes,no,no,no,no,no,no,3,1,-999,-999,-999,-999,-999,-999,-999,-999,-999,0,0,0,1,0,0,0,0,0,0,0,1,0,0,0,0,0,0,0,0,0,0,1,0,0,0,0,0,0,0,0,0,1,207; 116
Chiroptera,Vespertilionidae,Pipistrellus,Pipistrellus hesperidus,(Temminck; 1840),African pipistrelle; Dusky pipistrelle,3.5,-999,1,yes,no,no,no,no,no,no,3,1,1,4,-999,1.36,365,-999,-999,-999,96,0,0,0,1,0,0,0,0,0,0,0,0,0,0,0,0,0,0,0,0,0,0,1,0,0,0,0,0,0,0,0,0,1,158; 376; 207; 116; 255
Chiroptera,Vespertilionidae,Pipistrellus,Pipistrellus kuhlii,(Kuhl; 1817),Kuhl's Pipistrelle,5.9,-999,1,yes,no,no,no,no,no,no,3,1,1,4,-999,1.36,365,-999,-999,-999,96,1,1,0,1,1,0,0,0,0,0,0,1,0,0,0,0,0,0,0,1,0,0,1,0,0,0,0,0,0,1,0,0,1,332; 376; 207; 191; 4; 275
Chiroptera,Vespertilionidae,Pipistrellus,Pipistrellus raceyi,Bates; Ratrimomanarivo; Harrison & Goodman; 2006,Racey's Pipistrelle Bat,4.7,-999,1,yes,no,no,no,no,no,no,3,1,-999,-999,-999,-999,-999,-999,-999,-999,-999,1,1,0,1,0,1,0,0,1,0,0,1,0,1,0,0,0,0,0,0,0,0,1,0,0,0,1,0,0,1,0,1,1,158; 207; 116
Primates,Lemuridae,Prolemur,Prolemur simus,(Gray; 1871),Greater Bamboo Lemur; Broad-nosed Gentle Lemur,2395,27.14,2,no,no,yes,no,no,yes,no,1,2,2,3,142.75,1,365,0.62,-999,7.5,177.6,0,1,1,0,1,1,0,0,0,0,0,0,1,1,0,0,0,0,1,1,0,0,0,0,0,0,1,0,0,1,0,1,0,347; 185; 376; 146; 207; 191; 183; 4; 252
Primates,Indriidae,Propithecus,Propithecus candidus,A. Grandidier; 1871,Silky Sifaka; Silky Simpona,5270,32.47,3,no,no,yes,yes,no,yes,no,1,2,3,3,182.5,1,547.5,0.417,-999,5.5,-999,0,1,1,0,1,0,0,0,1,0,0,0,0,0,0,0,0,0,0,0,0,0,0,1,1,0,0,0,1,0,1,1,0,217; 185; 207; 327; 77; 313; 252; 133
Primates,Indriidae,Propithecus,Propithecus coquereli,(A. Grandidier; 1867),Coquerel's Sifaka; Crowned Sifaka,3845,30.19,2,no,no,yes,no,no,yes,no,1,2,3,3,151.5,1,365,0.043,-999,5.5,366,1,0,0,0,1,0,0,0,0,0,0,0,0,0,1,1,0,0,0,0,0,0,0,0,1,0,0,0,0,0,1,0,0,347; 217; 185; 376; 207; 116; 191; 260; 133; 255
Primates,Indriidae,Propithecus,Propithecus coronatus,Milne-Edwards; 1871,Crowned Sifaka,3975,32.47,3,no,no,yes,yes,no,yes,no,1,1,3,3,-999,-999,-999,0.013,114,5,-999,1,0,0,0,1,0,1,1,0,0,0,0,0,0,1,1,1,0,0,0,1,1,1,0,0,1,0,1,0,1,1,0,1,164; 185; 207; 297; 133; 313; 252; 10
Primates,Indriidae,Propithecus,Propithecus deckenii,A. Grandidier; 1867,Van der Decken's Sifaka; Decken's Sifaka,2780,30.15,2,no,no,yes,no,no,yes,no,1,1,3,3,148,1.02,450.69,-999,-999,5.25,366,1,0,0,0,0,0,0,0,0,0,0,0,0,0,1,1,0,0,0,0,0,1,1,0,0,0,0,0,0,0,1,0,1,192; 185; 376; 207; 116; 255; 133
Primates,Indriidae,Propithecus,Propithecus diadema,Bennett; 1832,Diademed Sifaka,6076.5,37,4,no,no,yes,yes,yes,yes,no,1,2,3,3,171.53,1.01,745.1,0.21,5.65,4.95,126,0,1,0,0,1,1,0,1,1,0,0,0,0,1,1,0,0,0,0,0,0,0,0,0,1,1,0,1,0,0,1,1,0,347; 217; 185; 376; 327; 300; 207; 191; 146; 54; 333; 4
Primates,Indriidae,Propithecus,Propithecus edwardsi,A. Grandidier; 1871,Milne-Edward's Sifaka; Milne-Edwards's Simpona,5686,39.49,4,no,no,yes,yes,yes,yes,no,1,1,3,3,156.25,1,744.69,0.5,4.73,6,132.7,0,1,1,0,1,0,0,0,0,0,0,0,1,0,0,0,0,0,1,1,0,0,0,0,0,0,1,0,0,1,0,0,0,347; 217; 54; 376; 177; 207; 256; 149; 255; 133; 11; 191
Primates,Indriidae,Propithecus,Propithecus perrieri,Lavauden; 1931,Perrier's Sifaka,4486,32.47,2,no,no,yes,no,no,yes,no,1,2,3,3,182.5,4.36,744.69,0.01,8.78,4.5,132.7,1,0,0,0,1,0,0,0,0,0,0,0,0,0,0,0,0,1,0,0,0,0,0,0,0,0,0,0,1,0,0,0,0,217; 305; 185; 133; 116; 207; 376; 134; 255; 12; 191
Primates,Indriidae,Propithecus,Propithecus tattersalli,Simons; 1988,Golden-crowned Sifaka; Tattersall's Sifaka,3506,-999,4,no,no,yes,yes,yes,yes,no,1,2,3,3,166.83,1,365,0.06,65,4.1,240,1,0,0,0,0,0,0,0,0,0,0,0,0,0,0,0,0,1,0,0,0,0,0,1,0,0,0,0,1,0,0,0,0,347; 217; 376; 327; 146; 207; 191; 54; 311; 149; 275
Primates,Indriidae,Propithecus,Propithecus verreauxi,A. Grandidier; 1867,Verreaux's Sifaka,2984,27.5,4,no,no,yes,yes,yes,yes,no,1,1,3,3,150.31,1.01,451,0.03,150,6.3,309.6,1,1,0,1,1,0,1,0,0,1,1,1,0,0,0,0,0,0,0,1,0,0,1,0,0,0,0,0,0,1,0,0,1,347; 217; 54; 376; 330; 146; 207; 191; 185; 130; 4
Chiroptera,Pteropodidae,Pteropus,Pteropus rufus,É. Geoffroy Saint-Hilaire; 1803,Madagascan Flying Fox; Madagascar Fruit Bat; Madagascar Flying-fox,361,-999,2,no,no,yes,no,no,yes,no,1,1,1,3,125,1,365,0.195,-999,450,118.8,1,1,1,1,1,1,1,1,1,0,1,1,0,0,1,1,1,1,1,1,1,0,1,1,1,1,0,1,1,1,1,1,1,332; 376; 207; 277; 133; 255
Chiroptera,Pteropodidae,Rousettus,Rousettus madagascariensis,G. Grandidier; 1928,Madagascan Rousette; Madagascar Rousette,55,-999,3,no,no,yes,yes,no,yes,no,1,1,2,3,126.88,1.22,365,0.008,-999,-999,-999,1,1,1,1,1,1,1,1,1,0,1,0,1,1,1,1,0,1,1,1,1,1,1,1,1,1,1,1,1,1,1,1,1,85; 376; 207; 85; 191; 27
Carnivora,Eupleridae,Salanoia,Salanoia concolor,(I. Geoffroy Saint-Hilaire; 1837),Brown-tailed Vontsira; Brown-tailed Mongoose; Malagasy Brown-tailed Mongoose,650,-999,3,yes,yes,yes,no,no,no,no,2,1,3,1,82,-999,365,-999,-999,-999,57.6,0,1,0,0,1,1,0,0,1,0,0,0,0,1,0,0,0,0,0,0,0,0,0,1,1,0,0,0,1,0,1,1,0,332; 376; 207; 191; 133; 191
Chiroptera,Vespertilionidae,Scotophilus,Scotophilus marovaza,Goodman; Ratrimomanarivo & Randrianandrianina; 2006,Marovaza House Bat,14.6,-999,1,yes,no,no,no,no,no,no,3,1,-999,-999,-999,-999,-999,-999,-999,-999,-999,1,0,0,1,1,0,0,0,0,0,0,0,0,0,1,1,0,0,0,0,0,1,1,0,1,0,0,0,0,0,1,0,1,162; 207; 116
Chiroptera,Vespertilionidae,Scotophilus,Scotophilus robustus,Milne-Edwards; 1881,Robust Yellow Bat,44.5,-999,1,yes,no,no,no,no,no,no,3,1,2,4,-999,-999,-999,-999,-999,-999,-999,1,1,1,1,1,1,1,1,1,1,1,1,1,1,1,1,1,0,1,1,1,1,1,1,1,1,1,1,1,1,1,1,1,87; 376; 207; 191
Chiroptera,Vespertilionidae,Scotophilus,Scotophilus tandrefana,Goodman; Jenkins & Ratrimomanarivo; 2005,Western Yellow Bat,14.1,-999,1,yes,no,no,no,no,no,no,3,1,-999,-999,-999,-999,-999,-999,-999,-999,-999,1,1,0,1,1,0,0,0,0,0,0,1,0,0,0,0,0,0,0,0,0,1,1,0,0,0,0,0,0,0,1,0,1,162; 207; 116
Afrosoricida,Tenrecidae,Setifer,Setifer setosus,(Schreber; 1778),Greater Hedgehog Tenrec; Large Madagascar Hedgehog,294,-999,3,yes,yes,no,no,no,no,yes,2,1,1,1,57.82,3.12,365,0.102,-999,-999,147.6,1,1,1,1,1,1,1,1,1,1,1,1,1,1,1,1,1,1,1,1,1,1,1,1,1,1,1,1,1,1,1,1,1,332; 376; 207; 191; 274; 4; 116
Eulipotyphla,Soricidae,Suncus,Suncus madagascariensis,(Coquerel; 1848),Madagascan Shrew,3.5,-999,3,yes,yes,no,no,no,no,yes,2,-999,1,1,27.9,5,-999,-999,-999,1,38.9,1,1,1,1,1,1,1,1,1,0,1,1,1,1,1,1,1,1,1,1,0,1,1,1,1,1,1,1,1,1,1,1,1,332; 376; 149; 255; 133
Eulipotyphla,Soricidae,Suncus,Suncus murinus,Linnaeus; 1766,House Shrew; Asian House Shrew,86.7,-999,3,yes,yes,no,no,no,no,yes,2,2,1,1,30.1,3.05,56.1,-999,-999,1,34.2,1,1,1,1,1,1,1,1,1,1,1,1,1,1,1,1,1,1,1,1,1,1,1,1,1,1,1,1,1,1,1,1,1,332; 376; 133; 191; 218; 4
Chiroptera,Molossidae,Tadarida,Tadarida fulminans,(Thomas; 1903),Malagasy Free-tailed Bat; Lightning Guano Bat; Large Guano Bat; Madagascan Large Free-tailed Bat; Large Free-tailed Bat,35.3,-999,1,yes,no,no,no,no,no,no,3,1,1,4,104.29,1,182.5,-999,-999,20,-999,0,1,0,1,1,0,0,0,0,0,1,1,0,0,0,0,0,0,1,1,0,0,0,0,0,0,0,0,0,1,0,0,1,332; 376; 207; 191; 116; 133
Chiroptera,Emballonuridae,Taphozous,Taphozous mauritianus,É. Geoffroy; 1818,Mauritian Tomb Bat; Taphozous bat of Mauritius; Tomb Bat,27.3,-999,1,yes,no,no,no,no,no,no,3,1,2,4,51.86,1,185.5,-999,-999,-999,-999,1,1,1,1,1,1,1,1,1,1,1,1,1,1,1,1,1,0,1,1,1,1,1,1,1,1,1,1,1,1,1,1,1,332; 376; 207; 191; 129
Afrosoricida,Tenrecidae,Tenrec,Tenrec ecaudatus,(Schreber; 1778),Tailess Tenrec; Common Tenrec,868,-999,3,yes,yes,no,no,no,yes,no,2,1,2,1,60.12,17.45,243.33,0.013,-999,1,90,1,1,1,1,1,1,1,1,1,1,1,1,1,1,1,1,1,1,1,1,1,1,1,1,1,1,1,1,1,1,1,1,1,332; 376; 207; 191; 165; 4; 133
Chiroptera,Hipposideridae,Triaenops,Triaenops auritus,(Grandidier; 1912),Grandidier's Trident Bat,6.2,-999,1,yes,no,no,no,no,no,no,3,1,1,4,-999,-999,-999,-999,-999,-999,-999,1,1,0,0,1,0,0,0,0,0,0,0,0,0,0,0,0,1,0,0,0,0,0,1,0,0,0,0,1,0,0,0,0,85; 376; 85; 207; 116
Chiroptera,Hipposideridae,Triaenops,Triaenops furculus,Trouessart; 1906,Trouessart's Trident Bat; Trouessart's Triden Bat,5.56,-999,1,yes,no,no,no,no,no,no,3,1,2,4,-999,-999,-999,-999,-999,-999,-999,1,0,0,1,1,0,0,0,0,0,0,1,0,0,0,1,0,0,0,0,0,1,1,0,0,0,0,0,0,0,1,0,1,255; 376; 207; 191
Chiroptera,Hipposideridae,Triaenops,Triaenops menamena,Milne-Edwards; 1881,Rufous Trident Bat,8.5,-999,1,yes,no,no,no,no,no,no,3,2,1,4,-999,-999,-999,-999,-999,-999,-999,1,1,1,1,1,0,1,0,1,1,1,1,1,0,1,1,1,1,1,1,0,1,1,1,1,1,0,1,1,1,1,1,1,85; 376; 85; 207; 133
Primates,Lemuridae,Varecia,Varecia rubra,(E. Geoffroy; 1812),Red Ruffed Lemur; Red-ruffed Lemur,3019,31.08,2,no,no,yes,no,no,yes,no,1,1,3,3,99.25,2.6,364.75,0.58,32,24.5,225,0,1,0,0,0,0,0,0,1,0,0,0,0,0,0,0,0,0,0,0,0,0,0,1,0,0,0,0,1,0,0,1,0,347; 185; 376; 146; 314; 230; 207; 133; 313; 9; 128; 4; 255; 9
Primates,Lemuridae,Varecia,Varecia variegata,(Kerr; 1792),Black-and-white Ruffed Lemur; Ruffed Lemur,3524,34.2,3,no,no,yes,no,no,no,no,1,2,2,3,102.93,2.03,365,1.39,27.83,2.8,428.4,0,1,0,0,1,1,1,0,1,0,0,0,1,1,0,0,0,0,1,0,0,0,0,1,1,0,1,0,1,1,1,1,0,347; 185; 376; 146; 315; 207; 191; 54; 167; 4
Rodentia,Nesomyidae,Voalavo,Voalavo antsahabensis,Goodman; Rakotondravony; Randriamanantsoa & Rakotomalala-Razanahoera; 2005,Eastern Voalavo,21.8,-999,2,yes,yes,no,no,no,no,no,3,1,-999,-999,-999,-999,-999,-999,-999,-999,-999,0,1,0,0,1,1,0,1,0,0,0,0,0,0,0,0,0,0,0,0,0,0,0,0,0,0,0,1,0,0,0,1,0,160; 207; 149; 148
Rodentia,Nesomyidae,Voalavo,Voalavo gymnocaudus,Carleton & Goodman; 1998,Northern Voalavo,21.93,-999,5,yes,yes,yes,no,yes,yes,no,2,1,1,1,-999,3,-999,-999,-999,-999,-999,0,1,1,0,1,0,0,0,0,0,0,0,0,0,0,0,0,0,0,0,0,0,0,1,1,0,0,0,1,0,1,0,0,149; 160; 376; 207; 149; 205
